rating,date,content
5.0,2026.07.01,"6월 9일 이른 낮 기준 (본점, 케익부띠끄 두곳 다)

웨이팅 : 밖에서 웨이팅 10분도 안 했어요 사람이 생각보다 빨리 빨리 줄어들더라고요 계산 웨이팅도 조금밖에 안 했어요 

가게 안 : 가게 안으로 들어가면 사람 진짜진짜 많아요 그냥 사람들로 가득 차있어요 한바퀴씩 줄서서 도는데 사람 많아도 자연스럽게 줄이 서져요 만약 줄 서다가 깜빡하고 못 담은 빵 있으면 슬쩍 사람 좀 비어있는 곳에 껴서 다시 가거나 처음부터 줄 다시 서야합니다 

계산 : 계산은 거의 1분 정도 기다리다가 계산 했고 완전 빨리 빵 포장해주시고 계산해주십니다 사람들 많아서 직원분이 하시는 말이 잘 안 들려요..! 여러번 물어보면 제 성격으로는 조금 그래서...,, 최대한 귀를 열고 잘 들어야합니다

빵 : 진열대 비자마자 빵 채워주세요 토핑 많이 올라가있는 빵은 집게로 집다가 잘못하면 토핑 떨어질 수도 있어서 빵 아랫부분에서 조금 위 부분 집어서 조심스럽게 드는게 맞는 거 같아요

빵 추천 : ☆망고시루☆ 무조건 드세요 망고 진짜 달고 망고 시럽?도 맛있어요 근데 계속 먹다보면 맛있긴 맛있는데 조금 느끼하고 물려서 탄산이랑 같이 드시는걸 추천해요! 롤 사실거면 ☆순수롤☆ 추천드립니다 기본이 제일 맛있는거 같아요 크림이 하나도 안 느끼하고 적당히 달아요! 진짜 맛있어요!! ☆요거트롤☆ 이 롤도 맛있어요! 요거트라 상큼하고 달콤합니다 한번도 안 드셔보셨다면 추천해요! ☆말차 크로와상☆ 말차  좋아하는 편은 아닌데 맛있습니다 위에 올라가있는 초코 브라우니? 같은게 완전 꾸덕하고 맛있어요 말차 크림인데 말차맛이 엄청 찐하진 않아요 호불호 심하게 갈릴 맛은 아니에요
(이건 오로지 제 의견인데 명란바게트는 그렇게 맛있는지 잘 모르겠어요 짠맛이 강하고 한입 먹으면 짭조름하고 맛있는데 먹다보면 짜요... 혼자서는 못 먹고 가족들이나 친구들끼리 여러명 있을 때 한두조각 나눠먹으면 딱 좋습니다) 접기"
5.0,2026.06.28,"🥯성심당만 100번이상 간사람의 꿀팁방출❤️

✔️웨이팅 평일에도 꾸준히 있음. 연말연초라 평균 평일1시간, 주말1시간30분 웨이팅
✔️5/10 기준 주말오전 웨이팅 40분,  5/14 기준 평일오전 웨이팅없음. 6/5 평일1시 웨이팅20분. 7/10오후 웨이팅20분. 1월23일 1시간20분
8월 주말 웨이팅 45분 
✔️오후 1시~2시가 가장 혼잡, 저녁시간대는 한가하나 없는 빵이 있을 수 있음. 언제는 저녁 8시에가도 많이 남아있는데 언제는 7시에 갔는데 튀소랑 일부빼고 없었음. 되도록 일찍 올것
✔️내부는 항상 혼잡한편, 별도의 고르는 동선이 있는게 아니라 끝쪽부터 들어가서 반대 방향으로 둘러보면 빠르게 나올 수 있음
✔️계산할때도 줄을 서야하는데 계산대별로 줄을 각각 서서 눈치껏 사람없는 계산대로 가서 기다리길
✔️순수롤, 시루종류 찾으시면 -> 여기가 아니라 바로 옆 케익부띠끄매장이 따로 있으니 거기로 갈것
✔️샌드위치정거장(성심당 샌드위치 전문매장)-> 이 건물 지하1층인데 입장줄이 다름. 코너 꺾어 왼편에 별도로
✔️여행 오셨다면 대전역점보다 본점 방문 추천. 대전역점은 규모가 작고 없는 빵도 있음
✔️대전역에서 걸어서 15분인데, 시장쪽으로 오는것보다 지하상가로 바로 이어지므로 대전역 지하철입구(지하상가)로 들어가서 쭉 걸어오는게 가장 편리
✔️인근 빵보관소나 물품보관소에 보관하고 여행하시는거 추천. 특히 시루나 케이크 샀다면 꼭 보관하기. 냉장보관소도 있고 가격은 2~4천원
✔️주차는 성심당 주차장만 네비에 찍으셔서 여기만 항상 만차인데, 우리들공원주차장 현대주차장 정오주차장 이안과병원주차장도 이용 가능합니다. 모두 영수증 가지고 가면 2시간 무료주차 가능(성심당 재휴 모든 브랜드에서 가능, 합산 가능)
✔️주차정산시 주의점: 영수증1시간 + 주차권1시간 = 총 2시간 적용이므로 입차시간이 오래되었다면 직원에게 별도로 주차권 요청(1만원 이상 구매시) 주차권이 없으면 기본 영수증으로 1시간 무료
✔️성심당 굿즈를 사고싶다면 인근에 성심당 문화원이 있음. 굿즈 종류도 많고 성심당 빵을 음료와 먹고갈 수 있음. 포크와 접시 제공. 굿즈가격은 비싼편
✔️성심당이 처음이라면 튀김소보로(1.7) 작은메아리(3.0) 먹물방방이(3.3) 명란바게트(3.8) 튀소구마(1.7) 베스트 메뉴.
✔️바빠서 그런지 직원 친절도는 기대하기 어려움. 물론 친절하신 분도 계시지만 그렇지 않으신 분이 더 많았음
✔️전 매장 적립 가능. 성심당 어플 가입하고 전화번호 적립가능, 적립률 5%로 높으니 추천
✔️빵 종류: 본점>롯백점>DCC점>대전역점
✔️혼잡도: 본점>대전역점>롯백점>DCC점
✔️온누리상품권 가능. 디지털온누리 앱 깔아서 본인이 쓰는 신용체크카드만 등록해두면 본인 평소에 쓰는 카드로 결제할때마다 10%씩 할인되니 꼭 사용하기. 교통카드처럼 선불식으로 충전해서 쓰기. 카드실적도 인정되니 안쓰면 손해
✔️온누리 사용시 직원에게 사용한다고 말안해도 되고 결제하면 자동으로 적용가능. 단 잔액이 결제금액보다 높아야 하니 여유롭게 충전해두기. 카카오페이, 애플페이, 삼성페이 연동결제시에도 적용가능
✔️대전역점은 코레일포스, 롯백점은 백화점포스를 쓰기때문에 온누리상품권 불가. 성심당포인트 적립은 가능. 롯백점은 L포인트 이중적립 가능
 접기"
5.0,2026.06.17,"사람 너무 많아서 현기증남
빵 전반적으로 가성비 죽이고 실패한 메뉴 없음
물론 더 맛있는 빵집 많다 하지만 절대 이 가격엔 없음!!!!

~순전히 개인 기록만을 위해 적는 티어~
☆☆명란바게트
☆☆토요빵
☆☆김치찹쌀주먹밥

☆보문산메아리
☆작은메아리
☆고구마튀소
☆소금빵- 1500원인데 2배 이상 가격의 소금빵에 견줄 만한 맛임
☆새우를낙지- 대전 빵투어 중 빵이 물리면 이만한 해장?템이 없음 꽤 매운 편
☆말차튀소
☆스트롱베리
☆치즈모찌-500원이라는 말 안 되는 가격에 인간사료처럼 술술 들어가는 중독성
☆크림치즈화이트번

빅매치
메론빵
올리브치아바타
우리밀양파빵
튀소
초코튀소
부추빵
교황스콘
소금크루아상
초코버터바게트
콘바게트 접기"
5.0,2026.05.28,"줄은 진짜 너무 길지만ㅠㅠㅠ (연휴에 가서)
명란 안 좋아하는데 명란 바게트 진짜 맛있거 튀손
스테디하게 먹기 좋고 순수롤 맛있아요우요오어엉 또가고팡
담엔 케이크 꼭꼭 먹습니다잉 진짜 꼭.  접기"
5.0,2026.05.06,온누리도되고 너무 좋아요
5.0,2026.05.05,"와...왜? 성심당 성심당 하는지 알겠더라구요..ㅅ.ㅅ
기다리는 줄이 너무 너무 길기는 해도 줄이 빠르게 빠르게 빠져서...기다릴만해요..ㅅ.ㅅ
역시 베테랑이라 경영방식도 남다르더라구요.
srt타고 한시간  거리 나쁘지않아 평일 휴가라 갔던곳..ㅅ.ㅅ
빵맛이 다르고...튀소는 와..입천장 까질정도의 빠삭함...
말차 튀소가 찐 맛있었어요...ㅅ.ㅅ
케잌줄이 따로 있었는데 뷰띠끄줄이라고 빵집 드가는줄인데 그걸 🤦 서서...기다린 거가 아까워서...
기냥 줄서서...롤케잌이랑 시루 구매 완료.

느므 무거울정도의 케잌시루...와 빵 들고 서울 가려는데 기차표가 없다..ㅜㅜ 뿌엥

망고 크레페...와..미쳤다...망고가 계속 샘처럼 솓아나네...ㅋㅋ
근데다 찐 망고야...미쳤다....어떻게 이렇게 맛있을수가...기다린 보람이 있구낭..ㅅ.ㅅ
 접기"
5.0,2026.04.24,"밤늦게 가서 빵이 별로 없었지만 가격이 저렴하고 맛있다.
튀김소보로가 진짜 맛있었다.
매일 가고 싶은 곳!"
5.0,2026.04.17,"맛, 가성비 모두 뛰어남!
그 중 최고는 무화과 파이, 초코바게트, 김치볶음밥, 무화과깜빠뉴, 안녕크레페 ㅠㅠㅠ"
5.0,2026.04.16,"성심당 때문에 대전 방문,,
빵이 진짜 저렴하긴함...
그리고 튀김소보로 유명한 이유 알겠음..
취향이 아닌데도 맛있음ㅎㅎ
다만,,, 몇시간 웨이팅해야하는지는 의문 접기"
5.0,2026.04.13,말해모해... 성심당 최고❤️
3.0,2026.04.02,튀김소보로 4종 순수롤 샌드위치 외5종류 먹어봤는데 기대가컸던가 그냥 저냥 그렇다면 싼가? 다들 가성비 가성비하던데 얼마나 비싼빵 드시길래 동네 가성비빵 맛과 가격면에서 이정돈 흔할껀데  별로였음 튀김소보로 기름냄새 역했음
5.0,2026.03.28,"순 크림빵 꼭 드셔보세요 진짜 대존맛🤤
빵도 많이 담았다 생각했는데 얼마 안나왔어요..!!"
5.0,2026.03.27,"말차 너무 맛있어용
말차튀소 진짜 맛있는데 한개만 사서 아숩ㅠ ㅠ"
5.0,2026.03.09,"주말에 웨이팅 오전에 대략 1시간기다림.
가성비 매우 훌륭함.. 이게 한국의 빵값 평균이했음. 맛 중상. 크기 좋음.
튀소류들 맛좋아요."
5.0,2026.03.08,"5.0점

토요일 2시방문 50분 웨이팅하고 들어갔어요. 매장 안도 사람이 가득차서 혼잡했지만 직원분들이 정말 친절하셔서 빵 찾는데 어려움이 없었습니다. 주변에 나눠주려고 빵을 10만원어치 정도 사서 양손 가득 들고왔어요. 

강력추천 라인업
참치고로케
튀소구마(튀김소보로류)-> 세트 박스로 파는데로 안 사온거 후회중
오징어먹물방망이

추천
야끼소바샌드위치
명란바게트
일반고로케

지인추천
순수롤
작은 메아리

그냥저냥
부추빵
순크림빵
그냥고로케

가격, 재료의 양, 질, 맛 완벽합니다. 비교불가
줄이 길었지만 웨이팅도 금방 빠집니다. 접기"
5.0,2026.03.01,애용
5.0,2026.02.23,대전 분들 부럽습니다
4.0,2026.02.15,빵값진짜착하당
5.0,2026.02.15,평가 불가. 신의 영역.
3.0,2026.02.04,"평일인데 지하 주차장까지 가서 한 30분 정도 줄 섰네요. 솔직히 길게 대기하면서까지 먹을 맛은 아니나, 워낙 가성비 면에서 압도적이라 대전 가면 겸사겸사 들르게 되는 것 같아요. 개인적으로 저는 다음에 대전 방문하게 되면 성심당은 케익부띠끄 정도만 갈 것 같습니다. 접기"
5.0,2026.02.02,딸기의 계절이 왔슴돠!!!🍓
4.0,2026.01.30,"튀김소보로, 딸기소보로 맛있어요.
초코소보로는 너무 달아요..
고로케랑 화이트딸기는 무난하니 먹을만했고
부추빵 개인적으로 그닥이었어요.

일요일 낮에 40분 기다려서 들어갔고
내부가 질서없이 난장판이라 힘들었네요..

가성비는 참 좋아요. 접기"
4.0,2026.01.22,"딸기시루 왜 먹는지 알겠음.. 이 가격에 딸기를 이렇게까지 폭력적으로 넣을 수가 있나?… 🧐🧐
사먹는 길에 뭐 연설하시는 분 계시던데 진심 줄 서는 것도 힘 빠지는데 계속 큰 소리로 말씀하셔서 머리에 울렸음 ㅠ.ㅠ 맛 가성비는 짱짱 하지만…. 🥲
다시 한 번 줄 설 체력은 없음 잘하면 30분 안에 사먹긴 함!  접기"
5.0,2026.01.21,"아이러브성심당 성심당 사랑해요 앞으로도 존재해주시길 나비파이 소세지페스츄리 
⭐⭐️⭐️치즈퐁듀⭐️⭐️⭐️"
4.0,2026.01.15,"빵 맛있고 가성비굿
근데 넘 도떼기 시장이라 머리 아파요....
손님 넘 많아서 직원들도 썽이 많이 나있음...
김치찹쌀주먹밥이 제일 맛있으니 다들 10개씩 사도록 해요... 접기"
5.0,2026.01.03,"그저 갓
블루베리파이!!!먹어주세요!!!진짜 숨은
맛빵인데ㅠ 왜 아무도 모르지
모카번도.. 접기"
5.0,2025.12.19,"대전 첫방문..! 
대전의 명물 성심당 처음 와봤어요!
살면서 지인들이 선물로는 많이 받아봤는데 
방문은 처음 했고, 생각보다 저렴하더라구요!
맛있고 이래서 유명한가? 싶었어요 
직원분들 다들 친절하셨고 목요일 1시기준 빵 대기줄 20분 정도 기다린거 같아요! 
부띠끄랑 시루 줄은 4-50분 걸릴것 같길래 다음을 기약하며,, 샌드위치 줄은 없었습니다!  접기"
5.0,2025.12.17,대기줄도 평일인데 길어 놀랏네요. 빵. 케익 줄이 다르고. 녹차시루는 또다른 건물에서 받고. 정말 유명한 성심당 대단합니다. 예전 오래전보다 인기가 너무 많아 졌네요. 평일인데도 ㅎㅎ. 맛납니다 케익과 빵
5.0,2025.12.12,줄 적은 시간 피해서 가는게 좋고 한번 갔을때 많이 구매하는걸 추천드립니다. 튀김소보로는 너무 느끼해요
5.0,2025.11.20,"몇몇빵은 정말 맛있고 가성비가 좋다.
이만한 가격에 이런구성
대전인들이 부러워
평일 저녁에 가면 대기 오분이니 주말만 피해간다면
만족도 100프로. 접기"
5.0,2025.11.17,"요즘 가장 핫하다는 성심당입니다. 
여전히 사람많구요 월요일 오전 10시인데 들어갈땐 사람이 많지 않았지만 나올땐 줄이 꽤나 길었어요.
이것저것 고르다보니 10만원이 넘게 샀는데 먹다먹다 질려서 냉동실 넣어구고 먹으려고요. 
일주일치 탄수화물을 오늘 다먹은것 같은…
여기 주변 비둘기들도 뚱뚱해서 오리처럼 걸어다니더군요.

앞으로 한 달은 빵 먹을 생각은 없을것 같아요.ㅠㅠ 접기"
5.0,2025.11.06,맛이 있고 유명하고 좋습니다
5.0,2025.11.03,"사람이 미어터짐. 특히 주말은 더더욱. 주변에 임산부 친구있으면 동행을 초강력추천함(임산부 패스(임산부+동행1인 패스트트랙)를 위해서 ; 빵 사주는 한이 있더라도). 진짜 너무 붐벼서 빵 구경하면서 느긋하게 살 수가 없음.

이번 생에 마지막으로 온다고 생각하면서 빵 사고 집 왔는데... 맛있음... 그 인파 뚫고 갈까말까 고민중... 접기"
5.0,2025.11.03,"25.05.28
미리 홈페이지 예약도 되고 정말 친절하고 체계적임 빵은 당연히 말도 안되게 저렴하고 심지어 맛있음

25.11.02
온라인 예약은 품절이 많아서 못했는데 일요일 오후 3-4시 방문했더니 없는 빵이 너무 많았음 
여전히 저렴하고 맛있음,, 접기"
5.0,2025.10.28,"이렇게까지 줄서서 먹진 않았는데
빨리 이 난리통이 끝났으면 좋겠네요"
5.0,2025.10.20,괜히 성심당 성심당 하는거 아니엇슨..최고엿슨..
5.0,2025.11.03,"25.05.28
미리 홈페이지 예약도 되고 정말 친절하고 체계적임 빵은 당연히 말도 ... 더보기"
5.0,2025.10.17,"대전 사람이 사는곳은 성심광역시🥖
추천하는 빵: 보문산메아리 퀸블랙 명란바게트 작은메아리 오징어먹물방망이 김치찹쌀주먹밥 말차크로와상 

소세지빵도 안이 꽉차서 소시지좋아하면 ㄱㄱ 사진에 있는거 맛있었음 접기"
5.0,2025.10.07,"맛있음…
가히 대전의 자부심이라 할 만 함."
3.0,2025.10.06,사람 많고 빵 많고 빵은 쫄깃쫄깃하고..! 다만 이보다 가까운 곳에 더 맛있는 빵집이 있어서..
5.0,2025.09.23,"냄새부터 씐나~~
평일 오전 방문은 진리
담기 바쁜 손들의 스냅이 좋았어요
친절한 응대는 완전 덤! 접기"
5.0,2025.09.17,평일에 조금 기다리긴 했지만 들어가서 빵 고르니까 행복해졌어요 ㅋㅋㅋ 역시나 가격도 너무 저렴하고 맛도 있어서 최고네요
4.0,2025.09.15,"좀 늦게 방문해서 거의 대기없이 바바로 구매  
가성비 굳!!"
3.0,2025.09.11,"주차하기 어렵고
빵사는게 전쟁입니다"
5.0,2025.08.14,제발저믿고마라고로케 드셔주셔요
5.0,2025.08.06,평일 9시 조금 넘어서 도착했는데 웨이팅 없고 계산 대기줄만 길었어요. 없는 빵 있을까봐 걱정했는데 다 있었고 품절된 빵도 없었습니다!사람 많아서 불친절하실 줄 알았는데 정말 친절하게 다 해주셨어요🥹엄청 많이 담았는데 53000원 나왔고 빵들도 다 맛있었어요(튀소는 종류별로 다 담기..)겨울에 또 재방문 하고 싶어요! 접기
5.0,2025.08.05,두 말이 필요없는 지역 명소
5.0,2025.08.04,우유푸딩❤️ 진짜 맛있음; 레전드; 명란바게트❤️ 얼려놨던거 후라이팬에 살짝 구워먹으면 극락체험
4.0,2025.08.02,"토요일 1시반 웨이팅 시작 30분 뒤 입장
내부는 혼돈의 카오스
20가지 넘게 구매해서 5만원쯤 나왔는데 가성비는 좋은듯
다만 여름에는 웨이팅 너무 힘들어요🥵 접기"
5.0,2025.08.01,통팥이라맛있어요
5.0,2025.07.29,"부추빵, 카레고로케, 찹쌀주먹밥, 미니메아리, 꽈배기 등 샀는데 부추빵이 진심 맛있음
부추전이 빵 안에 가득 들어있는 맛

개인적으로 찹쌀주먹밥을 엄청 기대했는데, 내가 별로 안 좋아하는 병아리콩이 들어있어서 실망 ..
그래도 맛은 맛있어서 다 먹음

참고로 점심이나 저녁시간쯤에 가면 줄 없음
12시 10분쯤 가니까 앞에 5명인가 있었음
2분만에 입장 개이득 접기"
5.0,2025.07.26,성심당 빵 최고네용 ㅎㅎ 주차는 근처 공영주차장 가면 자리 널널합니다!
5.0,2025.07.25,말모말모 주기적으로 가줘야함
5.0,2025.07.23,가까이 있음 매일 가고 싶어요..샌드위치가 맛있어요.
3.0,2025.07.23,"입장하고 질서 없는게 너무 혼란스러움
성심당 뒷편건물 지하에 빵보관소 엄청 큰 빵 보관소 있음
정신없어서 무슨빵 샀는지도 기억이 안남ㅋㅋ..
주차는 영수증 1개-1시간 2개-두시간 최대 접기"
5.0,2025.07.21,"솔직히 말 안 해도 다 알지 않나?

* 개인 메모용: 김치찹쌀주먹밥은 오후 2시에 나온다. 최애 메뉴가 의외로 찹쌀주먹밥인 나는 앞으로 성심당 갈 때 무조건 오후 2시에 맞춰 갈 것이다. 접기"
3.0,2025.07.23,"입장하고 질서 없는게 너무 혼란스러움
성심당 뒷편건물 지하에 빵보관소 엄청 큰 빵 보관소 있음
정신없어서 무슨빵 샀는지도 기억... 더보기"
5.0,2025.07.21,"솔직히 말 안 해도 다 알지 않나?

* 개인 메모용: 김치찹쌀주먹밥은 오후 2시에 나온다. 최애 메뉴가 의외로 찹쌀주먹밥인 나... 더보기"
5.0,2025.07.19,대전 빵투어~성심당 워낙 유명하여 평일 오전 9시 도착(인천에서 버스로 2시간) 하였는데도 사람들도 많고 다행히 줄은 많이 안 서고 들어가서 여러가지 빵들도 구경하고 저렴하게 구입~마침 M본부에서 촬영을 하고 있어서 그런가 더 복잡하긴 했지만 재미있었습니다~~주변 성심당 건물도 보고(성심당 바로 앞 떡볶이 포차에서 떡볶이 구입(여기도 맛집) 우와 떡볶이 뭐지 꾸덕하니 맛있었어여~) 친절한분 만나서 편안하게 대전 여기저기 다니면서 성심당에 역사에 대해서도 듣고 좋았습니다~다만 케익이 유명한데 다른곳 이동하려는 생각에 그만 놓치고 못 샀어요~다음에 또 가려구요~~~그리고 매해 10월에 빵축제를 한다고 하더라구요~~각지에 유명한 빵을 먹어 보고 구입 가능하다고 다만 제한 갯수는 있지만요~~그게 끝나면 칼국수 축제를 한데요~~~ 접기
5.0,2025.07.12,"튀김소보로 맛집이지만 튀소는 안먹었어요ㅋㅋㅋㅋㅋ
가성비 좋은 빵집이에요!
대전 갈일 있으면 또 들릴거같아요"
3.0,2025.07.07,국내 최고의 빵집이라기보다는 최선의 빵집.
5.0,2025.07.07,성심당은 줄서야하지만 줄 선 시간이 아깝지 않은 빵집이에요ㅠ 성심당을 위해 대전을 갈 가치가 있다고 생각해요! 소보로가 유명하지만 다른 빵도 다 맛있게 먹었어요. 보문산 메아리 (큰 거) 명란 바게뜨 꼭 사드셔보시고 고로케류도 개인적으로 맛있게 먹어서 추천해요! 그리고 포장하신 빵은 꼭 집에서 에어프라이나 오븐에 데워드셔요. 맛의 감동이 달라져요‧⁺◟( ᵒ̴̶̷̥́ ·̫ ᵒ̴̶̷̣̥̀ )   접기
5.0,2025.07.06,본점에 사람 너무 많아서 옆에 위치한 케익부띠끄 들렸다가 망고시루 사서 내려왔네요 ^.^ 성심당 인기는 정말 볼때마다 놀랍습니다. 망고시루 너무 맛있어서 다음엔 다른거 먹어보고싶네요.
5.0,2025.06.28,처음 방문해봤는데 회전율이 높아 주차도 금방 했고 빵도 금방 사서 나왔어요 매장 내부는 복잡하고 시장통같지만요 ㅜ 빵이 맛있고 저렴해서 대전에 간다면 무조건 들리겠지만 성심당때문에 대전 갈 정도는 아닌듯해요
5.0,2025.06.20,"24.09.14
25.06.20"
5.0,2025.06.19,"이만치 삿는데 5만원 나옴
가성비 갑 ㅇㅈ
맛도 평타이상인듯"
4.0,2025.06.18,"가격도 좋고 맛있어요.

근데 주말 사람 많아서 근처 다른 곳에서 줄 섰다가 건물 앞에서 다시 대기줄...
건물 안에도 사람 꽉차서 힘들었습니다... 접기"
5.0,2025.06.15,십년전에 갔다가 오랜만에 갔다 빵사러 줄을 서야한다는게 아직도 충격적이지만.. 빵은 죄가 없고 직원들은 친절하다
5.0,2025.06.08,임산부 프리패스 최고👍 임신확인서(또는 산모수첩)랑 신분증 들고 가면 프리패스 및 5% 할인된다.
4.0,2025.06.08,"대기 줄이 좀 길긴 했지만 생각보다 빨리 빠집니다.  
새기치 하는 개/돼지들도 있으니 잘 보시기 바랍니다. 
직원들이 군데군데 서서 관리를 해줘 크게 신경 쓰지 않아도 되긴 합니다.  주차장은 우리들 주차장이 괜찮습니다.  접기"
5.0,2025.06.04,"개맛있음 진짜 1박2일동안 두번 방문
밑에 4개는 다 다른 건물에 위치해있음!!! 참고참고

- 케이크부띠크: 망고롤 꼭 사셈!! 망고시루보다 부드럽고 맛남. 가격도 18000원이라 저렴한데 풍족함
- 케이크(부띠크 옆 건물에 따로 있음): 망고시루도 존맛탱. 망고가 통으로 옆면에 썰려 들어감.
- 샌드위치정거장: 애플잠봉샌드위치 개인적으로 모든 카테고리 다 통틀어서 젤 맛있다. 야끼소바빵도 추천.
- 빵집: 명란바게트>부추빵>보문산메아리>튀소 종류 순으로 맛있음

꼭 사야할 세가지만 고르라면
애플잠봉, 망고롤, 명란바게트 추천드립니다!!!!

-이상 성심당 수십번 이상 먹어본 닝겐- 접기"
5.0,2025.06.04,"말해뭐해요 가성비좋고 맛도 좋습니다.
하지만 수많은 인파로 구매자체가 어렵습니다."
5.0,2025.05.19,"주차하기 어렵긴한데
가성비가 어마어마"
3.0,2025.05.11,케이크만 파는 곳이랑 너무 헷갈리네요..토요일 오전 8시 반쯤 가니 줄은 안 서고 들어갔습니다
5.0,2025.05.11,"매번 대전 방문하면 꼭 들리는 가성비 빵 맛집 ><
갈때마다 사람 속에서 빵 고르는게 힘들지만 그만큼 가성비와 맛 모두 충족하는 빵 맛집, 최근에 샌드위치 정거장이 따로 생겨서 복잡함이 좀 덜해짐, 애플브리치즈 샌드위치 꼭 먹기!!!!! 존맛탱 접기"
5.0,2025.05.06,"좋은재료로 정직하게 판매한다는게 느껴져요! 빵이 엄청 특별하게 맛있다기보다는 평범한데, 빵 자체가 양이 많고 재료도 푸짐하고, 신제품이 잘 나오는점, 그리고 바르고 곧은 경영이념이 인기비결이지 않을까 싶습니다. 그리도 빵을 제법 많이 담았는데 2만원대인게 충격이었어요...! 그리고 직원분들 모두 매우 친절하십니다. 아쉬운점은 주차가 너무 힘들어요 ㅠㅠ 접기"
5.0,2025.04.26,주차참조요. 2025.4 버전
5.0,2025.04.20,"역시 성심당은 여전히 맛 좋고, 가격이 착해요.
오늘은 부활절이라고 계산할 때 계란도 챙겨줬어요.
일요일 오전 10시 45분쯤 도착했어요.
맞은편 국민은행 건물 주차장 입구에서부터 줄 세우더
라고요.
1시간 이상걸리겠구나 했는데 생각보다 줄이 금방 줄어들어서 바깥에서 20분 기다리고 빵 구입했어요.
 접기"
5.0,2025.04.20,"역시 성심당은 여전히 맛 좋고, 가격이 착해요.
오늘은 부활절이라고 계산할 때 계란도 챙겨줬어요.
일요... 더보기"
5.0,2025.04.20,"평일 오전은 큰 기다림 없이 살수 있어요 (샌드위치정거장포함) 
줄이 있다해도 금방금방 빠집니다 
주멀은 넘 많아 들어갈 엄두도 못냈어요~
종류도 많고 양도 크기도 맛도 다 합격~^..^
 접기"
5.0,2025.04.12,"* 긴 성심당 리뷰
전 친구들이랑 빵지순례 겸 간 날이 샌드위치 정거장 오픈날이였네요.
- 첫 방문+토요일이라 새벽부터 오픈런해서 갔는데 30분정도 일찍 문을 여심(그 날만 유독 그러신 건지 모르겠음) 그리고 주차는 모두의 주차장 이용추천(저렴)
- 빵 고르는데 순서대로 집어가는 게 아니라 전투형 빵줍기임 장점은 익숙하신 분들은 빵을 금방 고르고 나가서, 웨이팅이 빨리 줄어들지만 단점으로 첫 방문인 저는 예상치못했어서 조금 기분이 좋진..😅 그래도 저 방식이 나을 듯함
- 본점보다 딸기시루 줄이 거어ㅓㅓㅓ업나 길었네요.. 시루가 목적이면 시루줄부터 먼저 서야함
- 미리 영상 숙지하고 갔는데, 빵은 다 가성비 있고, 비쥬얼은 그렇게 좋아보이지 않았는데 대체로 기존 빵보다 1.5배?정도 더 맛있는 편인 것 같아요
개인적으로 비추천은 주먹밥(맛있다고들해서 기대했는데 전 별로),피자빵(특색없는듯..소시지빵은 안먹어봄) 정도였고, 재구매의사 빵들은 보문산메아리,딸기시루,작은메아리,명란바게트,튀소구마+모든 샌드위치 종류입니다. 접기"
5.0,2025.04.05,무슨설명이 필요합니까? 성심당 입니다.!
5.0,2025.04.05,"대전하면 성심당. 대전 필수코스인 성심당 다녀왔다

빵 가격은 전부 저렴하고 튀김소보루는 1700원인가 했던 거 같다. 빵 10개 넘게 사도 2만원대 ㅋㅋ 맛은 당연히 우수하다

계산 줄이 정신없는 게 유일한 흠
여기서도 서있고 저기서도 서있어서 혼잡하다. 전에는 벽면에만 계산대가 있었던 것 같은데 마주보게 해놨다. 접기"
4.0,2025.04.03,맛이랑 가격 다 좋은데 사람이 많아서 통제를 해주시면 좋을것같아요 ㅠㅠ 예전에 갔을때는 들어가는 사람 수를 제한 하셨던 것 같은데 이제는 그냥 계속 들어가서 사람에 파묻혀서 이리가지도 저리가지도 못했어요 ㅠㅠ 그것빼곤 다 괜찮아요
5.0,2025.04.01,"사람이 많아도 너무 많아요~
평일 오후에 갔는데도 너무 많음! 왜 많은지는 먹어보면 금방 이해 됩니다! 이 가격에 이정도 퀄리티 훌룡합니다."
4.0,2025.03.31,두말하면 입아프죠…ㅋㅋ
1.0,2025.03.26,"맛없어요..
명란 바게트, 튀소, 토요빵, 밤식빵.
순서대로 짜고 느끼하고 밍밍하고 밀가루 맛 많이 나고 별로예요.."
2.0,2025.03.25,딸기시루는 시트가 뻑뻑하고 크림이 너무 조금 들어 있습니다.
4.0,2025.03.20,빵진짜 많아요 사람도 진짜 많아요 대전의 명물은 역시 성심당인가봐요 가성비좋게 먹었습니다
5.0,2025.03.17,줄이 금방 줄어들어요!! 내부는 정말 정신없지만 저렴한 가격에 이 정도의 빵을 먹을 수 있는 게 넘넘 좋습니당 ㅎㅎ 아무거나 집어도 다 맛있어요
5.0,2025.03.16,맛 좋음. 저렴함. 주변에 특화 메뉴 매장으로 분화함.
5.0,2025.03.05,"처음방문 성심당.
직원수 1000명에서 조금 모자란다고 하는 중대기업.
건물(매장)도 확인된것만 5개(?)... 안보이는곳도 있을거 같다. 종류를 크게 나눠 건물마다 판매장소가 나뉘는거 같다.
빵은 저렴한것 부터 비싼것. 가성비는 없지만 적정한 가격같음. 빵 사가지고 문화원 가서 커피와 함께 먹었는데 문화원도 둘러볼 곳이 있어 좋았어요.
개인적으로 제일 맛있는건 튀김소보루와 에그타르트.
성심당, 시기를 받을 수 있겠지만 대전을 발전시키는 기업인거 같아 응원한다. 접기"
5.0,2025.03.02,"장안의 화제 딸기설기... 어디서든 맛볼 수는 있지만 이정도로 혜자하진 않다 재구매 하고 싶은 건, 요거트롤(크림 상큼하고 과일 낙낙... 왜 후르츠 산도 먹지?), 아몬드 크로와상 ^_^ 아 그리고 정말 갓성비가 내려오는게 와 4~5만원 나오겠다 했는데 딱 절반값 나왔을때의 감동 ㅜㅜ 엉엉 접기"
4.0,2025.02.21,명란바게트가너무맛잇어요…
5.0,2025.02.17,"역시 명불허전...... 사람 많다고는 하지만 평균 1시간정도만 기다리고 들어가는 수준ㅇㅇ
그 정도 기다릴 가치 충분함... 일단 빵값도 저렴한데 맛까지 최고니까!"
5.0,2025.02.14,"일요일 낮 점심 시간쯤 1시간 반정도 걸려서 입장 
빵 맛있어요 또가고싶어요"
5.0,2025.02.12,평일은 줄 금방 빠져요. 기다린만큼 맛있고 저렴해요.
5.0,2025.02.03,"역시나 성심당이에요 
맛있고 직원분들도 친절하셔요 
가까이 없어서 한 번 가면 쓸어오게됩니다😋"
4.0,2025.02.01,"너무 정신없음
실내에도 인원제한을 둬야할거같음"
3.0,2025.01.06,"마싯음. 야끼소바빵 튀소 떠먹는딸기? 기억에 남게 맛잇엇음. 명란바게트, 먹물연유빵은 명성에 비해 ㅂㄹ
그치만 왤케 인기가 많은지는 이해가 안된당
금요일 저녁시간엔 웨이팅 없이 들어가서 먹엇지만 (물론 가게 내부는 미어터짐. 따로먹으라고 준비된장소는 한적)
다음날 빵사서 가려고 토요일 점심시간에 가니깐 웨이팅이 가게를 둘러싸고 세줄 잇어서 바로 포기햇다

싸고 맛잇는건 인정이당 접기"
5.0,2025.01.05,맛도 있고 주차도 편하고 다 좋은데 주말이나 금요일 오후에는 절대 방문하지 마세요.. 웨이팅 줄이 어마무시 합니다. 평일 오전 방문을 강력 추천 드립니다.
5.0,2025.01.05,평일 방문 강추 무조건 일찍 가셔야 됨
5.0,2025.01.03,"성심당 유명한 이유가 있네요
모든 빵을 먹어보진 않았지만 고른 것마다 다 맛잇었네요 
또 갈 의향 있습니다 추천~~~"
5.0,2024.12.25,평일인데도 길게 늘어진 줄에 당황했으나 금방 들어갈 수 있었음. 따로 줄이 없다고 계속 안내방송 해주셔서 원하는 빵을 담기위해 돌아다님. 그치만 사람이 너무 많아서 치이는 건 어쩔 수 없는 듯.. 빵을 계속 굽고 계셔서 오전이 아니라도 갓 구운 빵을 먹을 수 있다는 장점이 있음. 계산대도 많아서 빨리 계산하고 나올 수 있음. 본점이지만 내부가 엄청 넓진 않으므로 미리 구매할 빵을 정해두고 가면 효율적일듯 접기
5.0,2024.11.26,"빵사러 왕복 5시간.
두번째 감.
나는 빵 안좋아 함.
근데도 1년에 한번은 무조건 가는 곳.
가족들 의견 추합해서 대충 4~50만 어치 사면 넉넉하게 먹음.
나보다 아내가 더 좋아함.
아내를 더 좋아하는 나는 올해도 성심당에 감. 접기"
5.0,2024.11.22,"대전의 자랑이라고하니 그냥5점 줌
퀸아망3300원굿! / 떠알밤9000원X 1인2개만 허용할정도로 인기라니 이해불가+밥한끼값 / 야채고로케X 기름이 너무 많아 냅킨몇장 다 젖음. 후렌치파이 굿!!아 이 맛있고 큰게 2000원이라니 / 월넛브레드 굿. 이 큰게 4000원이라니 접기"
5.0,2024.11.11,웨이팅은 빨리 줄어드나 빵고르는데 너무너무너무 정신없어요... 다들 조금만 배려하면 좋을텐데 왜이렇게 밀어대는건지ㅠㅠ 빵 저렴하고 맛있어요!! 드디어 가봐서 좋아요
5.0,2024.10.31,"역시 성심당이 최고
오전부터 붐벼서 
여전처럼 여유는 없지만
주말에 먹을 샌드위치 사고
문화원에서 커피와 스콘을 먹으며 잠시 쉬다
주차요원의 친절한 인사를 받고 
돌아왔다
사람이 하는 주차안내 !!!
이게 참 정겹고 좋다
성심당이 대전 은행동에 있어
다행이다
 접기"
5.0,2024.10.29,"한 도시를 대표하는 빵집일만 하네요
다 맛있고 싸고 다 좋아요"
5.0,2024.10.23,사람이 많아서 웨이팅 필수에 빵 고를 때도 정신 없으나.. 빵 먹어보면 재방문 의향 생김
5.0,2024.10.22,빵 가격이 착하고 맛있어요!
5.0,2024.10.16,"대전 살고싶네요,,"
5.0,2024.10.06,빵 저렴하고 너무 맛있어요 역시 성심당😍 근데 웨이팅 진짜 지옥... 평일 오전 일찍이 답입니다ㅎ
5.0,2024.10.03,"비오는 휴일에 갔는데 30분 정도 기다려서 들어갔어요
안에 시장통처럼 정신 없어서 두 번은 못 갈 것 같아요
그래도 싸고 맛있는 빵 팔아주셔서 감사합니다..!"
4.0,2024.10.03,"맛, 가격, 신선함 모두 아주 좋습니다. 대신 사람들 동선을 한방향으로 잡으면 회전도 질서도 더 좋을것같네요. 

An absolute great bakery innit? 
This place is packed so be careful. 접기"
5.0,2024.10.01,사람이 굉장히 많았는데도 인원 통제가 잘 되었음.
5.0,2024.09.30,가성비좋고 맛있어요
4.0,2024.10.03,"맛, 가격, 신선함 모두 아주 좋습니다. 대신 사람들 동선을 한방향으로 잡으면 회전도 질서도 더 좋을것같네요. 

An abso... 더보기"
5.0,2024.09.06,"매년 가도 맛 있 다
저렴한 가격에, 어느날 불현듯 생각나는 튀소
백년 천년 자리 지켜 주시길…"
4.0,2024.09.04,"월요일이라서 줄은 안 섰으나, 가게 안쪽은 정말 사람이 많고 정신 없더라고요.. 빵 종류가 정말 많고 가격이 다른 프렌차이즈 빵집들에 비해 저렴합니다 18개 구매했는데 6만 얼마 나왔고 개인적으로 샌드위치가 맛있다고 해서 세 개나 구매했는데 애플브리치즈샌드위치랑 올리브샌드위치 둘다 좀 별로였음.. 후렌치파이랑 튀소, 그리고 후렌치파이 괜춘 접기"
4.0,2024.09.03,"튀김소보로, 보문산 메아리 다 필요 없고 무조건 판타롱부추빵. 🤤"
4.0,2024.09.02,평일에 방문했는데도 사람이 정말 많았습니다. 매장이 정말 혼잡해서 빨리 고르고 나와야합니다. 진열대 앞에서 애기들이 기침하고 있는데 제제하는 직원이 없어 다소 위생적이진 않습니다.. 직원들이 다들 바빠서 그렇겠지만 친절하지는 않았어요.. 그래도 맛과 가격이 모든 걸 용서해줍니다😂 접기
5.0,2024.08.30,부추빵이 진짜 맛있네요. 튀김소보로도 정말 맛있었고 또 가고싶은 곳입니다. 가격도 저렴하고 유명한 이유가 있네요
5.0,2024.08.28,"대전 여행의 목적..
8월초 한여름에 갔는데도 길바닥에서 40분~1시간정도 웨이팅하고 들어갔어요 그래도 우산빌려줘서 그나마 다행 빵은 말모 너무맛있음"
4.0,2024.08.27,"대전하면 성심당!
주차할 곳은 마땅히 없어서 주변 공영주차장에 주차했음. 주변 주차장 다 주차비 저렴해서 좋음
빵 종류 엄청많고 가격도 정말 저렴해서
먹고싶은 거 다 담았는데도 만원대 였음
근데….. 평일에 5분 웨이팅하고 들어갔는데 사람이 너무 많아서 무슨빵이 있는지 제대로 둘러볼 수도 없고.. 밀려다니면서 빵 줍줍 해야됨 ㅠㅠ 원하는빵 있으면 줄 안서도 된다는데 자꾸ㅠㅠ 줄서가지고 밀려가게 돼있음.. 빵 넘넘 맛있고 저렴해서 재방문의사는 100%
 접기"
5.0,2024.08.27,줄에 한번 놀라고 빵 맛에 한 번 더 놀란다
5.0,2024.08.22,"부추빵, 야키소바빵 미쳤습니다"
5.0,2024.08.19,대전가면 꼭 들리는 성심당~~~
5.0,2024.08.17,"진짜 사람이 정신옶게 많음 한국의 돈키호테 수준
근데 맛있어서 또 갈거임
성심당 갔으니 대전도 들려줘야지!"
5.0,2024.08.15,"사람은 진짜 많지만 놀이기구 줄 기다린다고 생각하면 생각보다 금방 들어가요!!
웨이팅 시 사용할 우산, 부채, 가게 앞 에어컨 등 웨이팅 고객을 생각하시는것도👍👍
직원들도 진짜 많아서 대기가 빨리줄어드는듯 해요!!
 접기"
3.0,2024.08.13,"가성비 좋으나 한시간 기다려서 먹을 맛은 아닌 듯.
기다리는 계단 참에 바퀴벌레 나와서 잡음"
5.0,2024.08.11,"어제 갔는데 웨이팅 30분 정도 하고 가서 사왔어요 생각보다 종류가 되게 많았고 역시 유명하다는 튀소는 빵이 비맞아서 축축해져 있음에도 맛있더라고요!
남은 빵은 집 냉동고에 뒀다가 먹으려구요!
다음에는 시루들도 한번 도전해볼께요 접기"
5.0,2024.08.10,"빵사러 대전까지 운전해간 스스로를 칭찬하게 되는 바로 그곳 성심당😤🩵

맛있다 저렴하다 친절하다 
사람많지만 금방빠진다
안내멘트도 바로바로
주차권 제공
근처 가게들과의 접근성도 굳👍🏻

대전에 숙소 잡을걸… 
너무 조금 사고 돌아온듯하다💬
또가야지‼️ 접기"
4.0,2024.08.05,줄서서 먹는거비하면 엄청 맛있는거는 아닌데 가격이 다른 프랜차이즈 빵집에 비하면 저렴합니다.
3.0,2024.08.03,"빵은 정말 그냥 그랬어요. 줄 서서 먹어야 할 정도는 아닌 것 같아요. 근데 그 무슨 메아리인가? 그 빵은 엄청 맛있게 먹긴 했어요! 근데 빵은 그저그런데 망고시루케이크는 진짜 대박이예요... 진짜 제가 평생 먹어봤던 케익중에 최고d=(^o^)=b
하 또 먹고싶네요... 접기"
5.0,2024.08.01,평일에도 사람이 정말 많네요. 그래도 30-40분 기다리면 맘껏 빵쇼핑 가능합니다. 주말엔 3시간 줄설거 평일에 오세요. 저렴하고 맛은 평범한 곳인 줄 알았는데 좋은 재료를 듬뿍 써서 너무 맛납니다! 튀김소보로랑 마라고로게가 제 입맛에 최고였어요
5.0,2024.08.01,평일 사람 너무 많음
4.0,2024.08.01,"빵이 맛있다.
빵집에 대해 더 할 말이 있을까?
자주 가고픈 곳"
5.0,2024.07.19,대전 살면서 이렇게 기다리는것도신기하네요ㅋㅋㅋㅋㅋ 냉방기도 밖에 설치되어있고 우산도 제공되어서 기다리기 좋았네요
5.0,2024.07.16,사람이너~~~~무많아요ㅎ
5.0,2024.07.13,튀김소보로 맛있어요
5.0,2024.07.06,"27도의 금요일 점심시간.
웨이팅 35분. 빵 담는데 10분. 계산 하는데 5분. 
눈물 닦는데 5분. 도합 1시간."
5.0,2024.06.23,아내가 맛있어하니 맛있어요! 빵알못인 저도 크루아상과 퀸아망을 샀답니다 허허
5.0,2024.06.20,주말 늦게 가니 오히려 대기줄도 적고 좋았습니다.
3.0,2024.06.15,빵엄청담으면 2만원??  엄청담으니 7~8만원이구만요. 18개정도? ㅋㅋ
5.0,2024.06.09,줄 길어도 금방 들어가네요 빵 엄청 담았는데도 2만원.. 또 가고싶다
5.0,2024.06.06,"대전에 일이 있어 들렀다가 다행히 볼일본 곳과 가까워 찾아 갔습니다.
처음에 문화원으로 잘못 찾아갔다는...^^

문화원과 멀지않은 곳에 가까이 있었습니다.
해가 떨어질 때쯤되어서 그런지 다행히 줄은 서지 않고 들어 갔네요.

내부가 그리 크지 않습니다만 빵은 정말 많이 있어요.
그리고 카운터가 6대인가 7대인가 있어서 계산도 빠릅니다.

소튀가 맛있는데 개인저으로 부추빵도 맛있더군요. 나이를 점점 먹어가다보니..

가격도 2천원부터 2천몆백원정도며 다른 빵들도 좋은 가격이었습니다.

오래전부터 알고 있던 곳이긴 하지만 이렇게 지역에서 사회기여도 많이 하시고 다른곳에 비해 가격도 착하고 아무튼 대전에 들릴 일이 생기면 또 찾아 올 겁니다. 접기"
5.0,2024.06.04,명란바게트를 더 사왔어야했는데
5.0,2024.05.19,"망고케익사러 울산에서 찾아왔어요~ 8시부터 갔는데도 줄이~~~~~그래도 케익도 사고 빵도 많이 샀어요.
딸기시루 사러 겨울에 또 여행갈께요."
1.0,2024.05.16,공휴일에 방문했습니다. 빵은 말할 것도 없이 너무 맛있습니다. 근데 사람이 너무너무너무 많고 안전지침이 없어요. 누구 하나 넘어지면 압사사고 날까봐 무섭습니다. 앞으로는 다른 지점 가려고요. 자유방향으로 직원 손님 할 것 없이 움직이니까 동선 다 엉키고 그야말로 무질서 그 자체입니다. 계산대 줄도 한 줄 서기가 아닌게 이해가 안됐어요. 안전에 관해서는 손 놓고 있는 것으로 보였어요. 다른 지점도 웨이팅이 있기는 하지만 이 정도 까지는 아니었습니다. 성심당은 안전에 더 신경써주시고 지침도 만들어주세요! 빵 고르는 것도 일방향으로 한 줄로 움직일 수 있게 동선을 짜야겠습니다. 접기
5.0,2024.05.15,"성심당
왜이렇게 사람이 많아졌나요...
분명 작년까지만 해도 사람이 이정도로 많지는 않았는데
케익부띠끄랑 더불어 대기줄이 아주 난리입니다....
내부는 더 난리임... 꽉 차서 움직일수가 없음
팁 드리자면 내부에 줄같이 서있는 것 같지만 아무 줄도 아니니
슈슈슉 사이사이로 잘 통과하셔서 원하는 빵 픽업하시고
계산대 하나 골라서 뒤에 대기하시면 됩니다
그럼에도 빵 퀄리티는?
정말 단연 최고입니다.
다음에 또 와야지 접기"
5.0,2024.06.06,"대전에 일이 있어 들렀다가 다행히 볼일본 곳과 가까워 찾아 갔습니다.
처음에 문화원으로 잘못 찾아갔다는...^^

문... 더보기"
5.0,2024.05.15,"성심당
왜이렇게 사람이 많아졌나요...
분명 작년까지만 해도 사람이 이정도로 많지는 않았는데
케익부띠끄... 더보기"
5.0,2024.05.12,망고시루 너무 맛있어요 또 가야될 것 같음
3.0,2024.05.10,"빵은 다른곳 보다 훨씬 고퀄이어서 좋았는데
인기있는 상점인데, 사람들은 많고, 공간은 좁아서 빵을 제대로 고르지 못 한다는점이 아쉽네요.
2층까지라도 확장을 했음 하는 바램이네요
 접기"
5.0,2024.05.09,"명성대로 싸고 맛있고 직원분들도 친절하십니다ㅎㅎ
평일 오전에 가니까 웨이팅 없어서 좋았습니다! 진짜 가성비 갑..!캐리어 둘 곳 없어서 망설였는데 앞에 보관하게 해주셔서 덕분에 편하게 쇼핑 했습니당 !! 이틀 연속으로 방문해서 털어먹었어요🫰🏻 접기"
4.0,2024.05.03,소문마따나 맛있는데 늦게갔더니 빵 종류도 적고 식어서 아쉬웠어요 ㅠ
5.0,2024.04.30,사람 엄청 많음. 예약 후 픽업하시길
5.0,2024.04.29,대전 놀러갔을 때 꼭 가야하는 장소 중 하나… 빵 별로 안 좋아하는 저도 맛있게 먹었습니다 딱 하나 단점이라면 사람이 너무 많아 질서가 부족해서 불편한 거 빼고 다 좋아요
5.0,2024.04.27,"딸기케익 사먹음 빵맛은 좋은데 딸기맛은 꽝임
다른빵 색다른 맛이긴 하나 구지 두번가기엔 가격도 만만치않고.."
5.0,2024.04.20,갓심당
3.0,2024.04.15,"다들 집단 최면에라도 걸린 것일까. 하도 성심당성심당 하길래 대전에 사는 친척 보러온 김에 들렀다. 현지인 말로는 굳이 갈만한 곳은 아니라고 했지만 그래도 언제 또 올 수 있을지 몰라 들렀다. 명성대로 엄청난 줄과 매장 안 인파에 기겁했다. 브레드 종류가 다양했지만 차마 다 보거나, 한번 지나친 브레드를 다시 가지러 가기란 불가능했다. 거대한 인파로 몸을 돌리기가 어려웠고 머리 위로 쟁반을 이고 다녀야할 정도였기에.. 그만큼 가치가 있어야만 했음을 직감했고 무조건 맛있기로 정한 브레드를 한아름 안은채 서울로 돌아와 가족과 먹는데.. 그냥 근처 뚜레주르 다녀오는게 나을듯. 분명 맛이 없는 것은 아니나 그저 먹을만한 정도. 여러가지 종류별로 맛보려고 무려 8만원어치를 사왔는데 먼 곳에, 그 많은 인파와 불편함을 뚫고까지 갈 정도의 맛있는 메뉴는 우리 가족에겐 어째 단 하나도 없었다. 근처 부띠끄도 마찬가지. 브레드나 케이크나 집 근처 빵집가면 먹을 수 있는 쥰니 평범한 맛인데 마케팅의 힘이 얼마나 위대한지 알게된 사례였다.. 접기"
5.0,2024.04.14,"여기는 그냥 맛있음 기다린 시간이 아깝지 않음
빵을 한가득 담아도 서울의 반값느낌.
맛도 최고"
5.0,2024.04.13,"성심광역시🥖🥐🥨
서울에서 10만원어치 빵이 여기선 5만원도 안 하는듯"
5.0,2024.04.12,오전에 가니까 사람이 없어서 좋아요
4.0,2024.04.01,겁나 맛있는 빵들! 사람은 너무 많아서 줄서기 빡세졌어요.
5.0,2024.03.14,"대전에 갈 때마다 들리는 곳, 
맛있는 빵을 다양하게 즐길 수 있는 곳입니다."
4.0,2024.03.07,"밖에 줄없길래 생각보다 줄없는데? 하고 들어갔는데 안에 줄서있음... 특히나 빵집는 방향이없다보니 혼잡함 역방향으로도 오고 뒤에서도 오고 빠르게 한개씩 사고 계산하려는데 사방에서 사람들이 와서 복잡했달까..?
빵 집는데는 오래걸렸고 계산자체는 금방이였어요 주차는 다른곳에했긴했는데 주차도 혼잡할듯 접기"
5.0,2024.02.29,"많이 사도 아깝지않다 
애플파이가 정말 맛있다
입장 대기줄은 빨리 빠지는 편
계산할때 포장도 엄청 빨리해주심
빵 고르는건 줄이 없는데 빵 앞에서 가만히 서있거나 해서 자연스레 줄이 생기는듯
그리 오래걸리는건 아닌데 빨리빨리 골랐으면 함 접기"
4.0,2024.02.29,여러 번 방문해봤지만 여기 빵은 해가 갈수록 사먹기 힘들어지는거 같네요. 가성비는 여전히 굿👍! 근데 빵들이 지나다니는 사람들의 패딩에 쓸리기도 해서 위생은 좀 신경써줘야 할거 같았습니다. 전 그 쓸려다니는 빵들을 보고 조용히 미리 포장되어 있던 빵들만 집었습니다.. 접기
5.0,2024.02.29,"많이 사도 아깝지않다 
애플파이가 정말 맛있다
입장 대기줄은 빨리 빠지는 편
계산할때 포장도 엄청 빨리해주... 더보기"
5.0,2024.02.28,"건물 밖까지 줄이 있긴한데 금방 줄어들어서 계산하고 나올때까지 1시간 조금 덜 걸림
내부는 아비규환이긴함 약간 헛웃음 나옴
명란바게트 고구마튀소 맛있음
주차는 우리들공원에 하시면 1시간 주차권줍니다
(케이크 부띠크랑 합산 가능) 접기"
5.0,2024.02.27,또 오고싶어요  빵은 정말좋아요
1.0,2024.02.25,여기가 대체 왜 유명한거임? 주말에 웨이팅 엄청인데 참고 기다려서 매장 들어갔다가 돗대기 시장통같아서 너무 놀라고 코너에 몰려서 놀라고 빵도 맛 별로였음!두번은 못갈곳임.
5.0,2024.02.22,"첫 대전여행으로 왔는데
빵을 별로 좋아하는 편이 아니라 별 기대 안 했지만.... 역시 성심당이 괜히 성심당이 아닌가봐요 갓 구운 빵이 아닌데도 존맛탱이었음... 걍 밥 말고 빵 먹을 걸.. 집으로 돌아와서 다 식은 거 먹었는데도 진짜 개맛있음ㅠ 냉동으로 뒀다가 3일 지난 초코튀소 먹었는데도 존맛탱;; 접기"
5.0,2024.02.15,"진짜 맛있음,, 여기 꼭 와보고 싶었는데 후회안합니다 빵 스케일이 다르고 질이 달라요
대전올일 있으면 여기 꼭 들렸다가 갈꺼에요
 접기"
3.0,2024.02.05,성심당 당연히 좋죠 그런데 사람은 물밀듯이 들어오고 줄이 없어서 걍 전쟁터에요 주말은 절대 가지마세요 주말에 가야한다면 오픈런을 하는것밖에 답이 없어요 진짜 사람이 파도처럼 계속 어깨를 치는데 그 와중에 안내를 마이크로 해주시거든요? 줄 따로 없으니까 알아서 끼어들어라 앞으로 가라 하는 안내만 나오고 정신은 없고 그 와중에 옆사람들이 지나가면서 쟁반으로 ㅈㄴ 때려서 여기가 쟁반노래방인줄 알았어요. 맞을때마다 이렇게까지 빵을 사야하나 싶어서 좀 울고싶어요 접기
4.0,2024.01.31,"1.성심순크림빵: 크림이 부드럽고 느끼하지 않으나, 달달한편! 꼭 아아랑 함께드세요! 생각보다 달기도 했고 다른빵도 먹어야해서 1/4만 먹고 패스
🔥2. 이탈리안샌드위치(6000): 진짜 개 존맛탱!!!!치아바타 빵-치즈크림두툼-양상추-토마토-햄-소스-치아바타!!!!!!!!이거 서울에서 판다면 족히 1만원은 될듯! 양도 쩔어요! 나눠먹어야함!
🔥3. 애플브리즈치즈 샌드위치(8000) 이건 서울이여도 이가격정도일듯! 빵이 서브웨이 오트빵?같은 건강한 빵인데 진짜 😭👍👍브리즈치즈와 사과 이렇게 어울리는거였나???
4. 초코튀김소보로 겉면만 초코입니다! 달아요...!
5. 부추빵 만두빵  같은 느낌
6. 티라미수파이 안에 마스포카네치즈 크림이라는데 달아요...여기는 크림이 달달한편인듯! 크림류는 재구매의사 없을듯
7. 작은메아리는 퀸아망인듯한데...달아요!!!스페셜하지X
🔥8. 명란바게트 그냥!!!!3개믄 기본으로 쓸어담으세요!!! 명란바게트 유명한건 알았지만 이 집 대박이네ㅔ!!!서울보다 저렴하고 명란과 빵의 단짠이 아주 최고!! 서울 명란바게트는 다 성심당미만잡!!!
9. 소금빵.... 그다지...!. 접기"
5.0,2024.01.24,"입구바닥이 많이 닳았어요 
얼마나 많은 손님이 다녀간지 반증하는것 같네요~~ 사시사철 항상 붐비는 곳인것 같아요"
5.0,2024.01.21,케이크가 너무 맛있어요. 먹고나면 또 가고 싶은 빵집입니다. 줄서서 사는데 무슨 말이 필요하겠어요
5.0,2024.01.16,"사람이 너무 많지만
직원들이 친절하고 계산하는곳이 많아서 빨리빨리 계산가능
평일 낮에도 줄서있음ㅜ"
4.0,2024.01.09,다른 곳에서 볼 수 없는 아이디어 빵들을 맛볼수 있고 무엇보다도 사람들이 와글와글 몰리는 데서 내 빵 건져먹는 듯한 쾌감이 있습니다
5.0,2023.12.31,튀김소보로는 전설이다.
5.0,2023.12.29,"성심당만으로도 대전을 방문하기에 충분한 이유가 된다.
너무 맛있고 가성비넘치고.. 그런데 사람도 너무 많아서 매장 한번 들어갔다 오면 진이 빠진다ㅠㅠ"
5.0,2023.12.27,너무 너무 맛있어요
5.0,2023.12.12,그저 빛
5.0,2023.12.11,"줄은 길었지만 생각보다 빨리 빠집니다.
가격도 저렴하고 맛있어요!"
5.0,2023.12.10,빵 종류도 많고 빵지순례한다면 꼭 다녀와야 하는 곳이에요. 대전하면 성심당이라고는 하지만 역시나 믿어 의심치 않았던 곳이에요. 진짜 행복 그 자체였습니다!
5.0,2023.12.08,절 가지세요 사랑해요 성심당❤️
5.0,2023.12.08,대전시청입니다. 웨이팅 기니 각오하고오셔야합니다
5.0,2023.12.06,"맛있고, 친절하고, 가격도 합리적이고... 3년만에 다시 찾았는데 모든 부분에서 업그레이드 된 느낌이었습니다. 2층 테라스키친의 식사도 왠만한 음식점보다 낫습니다. 멀리서 성심당만 보고 대전 오셔도 후회 안하실 거라고 생각합니다."
5.0,2023.12.04,"주차가능해서 좋았구요, 빵도 너무 맛있구! 싸고! 사람이 많았지만 그 안에서 질서가 생겨가지고 나름 쾌적했습니다 ㅋㅋㅋ 애플브리샌드위치 존맛입니다 꼭드세요ㅜ 작은메아리랑 튀소 튀소구마 3개씩 살걸 후회됩니다...ㅠㅠ❤️"
5.0,2023.12.01,크리스마스 시즌이라 그런지 사람이 정말 무지막지하게 많네용... 일요일 하루종일 줄이 정말 길더라구요! 역시 대전의 자랑 성심당~~
5.0,2023.11.27,맛있어요
5.0,2023.11.24,"최고에요,,성심당의 도시 대전! 성심당 하나만으로 재방문하고싶어오"
4.0,2023.11.17,부추빵 맛있어요! 근데 저녁 먹고 가면 원하는 빵은 다 팔려있는…
4.0,2023.11.16,"맛있긴한데, 빵에 대해 잘 모르거나 좋아하지 않는 사람은 감흥이 없을 듯 해요."
5.0,2023.11.06,대전하면 성심당
5.0,2023.11.05,12시 정도에 오면 이정도의 웨이팅을 경험 가능함. 맛은 그냥 빵임. 큰 기대를 하지는 않길 바람. 튀소도 한번 먹어볼만한 정도의 맛일 뿐.
1.0,2023.11.03,빵 싼건 알겠는데.. 인간적으로.. 매장 내 인원 제한 좀 하고 동선 정리 좀 해야할듯..
5.0,2023.10.28,"소문난 잔치집에 먹을거리 최고 많은 찐 맛집 !! 
명란바게트 부추빵 빅매치 !!!"
5.0,2023.10.14,"역시 맛있고 그냥 미쳤습니다 가성비가 좋아요 
전 빵 안 좋아하는데 첨으로 빵 맛있다 ! 싶었어오 
이것때문에 대전 다시 갈 의향 있습니다
줄이 굉장히 길었는데 생각보다 빠르게 줄어들었어요!! 두시간 걸릴 줄 알았는데 30분 기다리고 들어갔습니다 
꼭꼭 가세요!!‘

굳이 굳이 아쉬운 거 뽑자면 
안에 사람이 너무 많아서 정신이 하나도 없고 직원분들이 힘들어보여요 물어봐도 친절하시진 않았습니다 근데 이해될 정도로 바빠보이셨어요ㅠ 접기"
5.0,2023.10.07,대 혜자 베이커리!
5.0,2023.09.30,맛 있고 친절하고 가격도 저렴 합니다
5.0,2023.10.14,"역시 맛있고 그냥 미쳤습니다 가성비가 좋아요 
전 빵 안 좋아하는데 첨으로 빵 맛있다 ! 싶었어오 
이것때문에 대전 ... 더보기"
5.0,2023.09.23,사람이 엄청 많긴한데 빵은 맛있어요
5.0,2023.09.22,"전국 빵집 다 발라버리는 ㅎㄷㄷ한 빵집...대전 이외 출점하지 않는 원칙으로
가치를 더하고...노잼도시 대전을 성심당 보유도시로 만든 undisputed 빵집"
5.0,2023.09.15,운좋게 안 기달리고 바로들어왔어요 너무 맛있어요
5.0,2023.09.09,케이크가 짱입니다..!
5.0,2023.09.05,대전의 심장. 가을에는 탑셰프의 리얼 몽블랑
5.0,2023.09.03,"명란바게트와 튀김소보로 내 인생빵
근데 이거 두개 외에는 아직 맛난 걸 찾지 못함
그치만 이거 두개만으로도 계속해서 방문할 가치 충분"
4.0,2023.09.01,너무 사람이 많고 유명세로 예전에 맛있던 채소빵 등을 더이상 볼수없어 아쉬움이 남습니다.
4.0,2023.08.22,본점 맞은편에 있는 성심당이하는 빙수집 옛맛솜씨를 꼭 가세요 성심당은 빵맛집이 아니고 팥 맛집입니다 송직히 빵 자체는 별 세개 인데 팥은 별 다섯개가 맞아요!
5.0,2023.08.18,"⭐️⭐️⭐️⭐️⭐️

🚗 주차는 성심당문화원이 제일 가까움.

💵 중간

📝 보문산메아리가 내 마음속 1등. 그리고 작은메아리도 좋고 소금빵도 진짜 맛있음. 가격도 정말 착하고 양도 많고 거기다가 빵 퀄리티가 미쳤음. 한 번 먹고나면 다른 빵집 가고싶지 않아짐ㅋㅋ 샌드위치도 굉장히 맛있고 양이 많으니 꼭 사보시길 접기"
4.0,2023.08.17,빵 맛은 어디나 있는 제과점과 비슷하지만 가격이 저렴하네요 다만 사람이 너무 많아서 대기가 길어요 ㅠ
5.0,2023.08.15,대전은 노잼도시가 아님 명란바게트 잠봉뵈르 존맛탱 잠봉뵈르는 대전역쪽에 없드라고요 본점에서 다 쟁기라고~~
4.0,2023.08.09,"빵 맛있네요. 줄 안서려면 일찍 가세요.
월요일 오전 10시15분에 찍은 사진입니다."
5.0,2023.08.07,말해뭐합니까 대전은 유잼도시입니다
5.0,2023.08.05,사람이 정말 많지만 유명한 곳답게 질서있게 정리를 잘해주셔서 어렵지 않게 구매할 수 있었어요
5.0,2023.08.01,저렴하고 맛있다..
5.0,2023.07.26,명란바게트 미쳤다... 소금빵 가성비 좋으나 소금크루와상이 더 취향저격 으아 대전의 빛과 소금
4.0,2023.07.19,사람이 너무 많아서 평일에 가야해요
5.0,2023.07.17,부추빵 졸라 마싯성
5.0,2023.07.09,"대전은 성심당이 먹여살리는듯.. 이만한 빵집 진짜 없는거 같아요 수원에서 갔는데도 만족이여
케이쿠보다는 빵이 맛있는거 같긴 해요"
5.0,2023.08.18,"⭐️⭐️⭐️⭐️⭐️

🚗 주차는 성심당문화원이 제일 가까움.

💵 중간

📝 보문산메아리가 내... 더보기"
5.0,2023.07.01,빵이 가격이싸고 맛이좋아요
2.0,2023.06.14,토요일 점심때 갔는데 웨이팅은 상관없는데 매장 안이 너무 바글바글 혼잡 밀집 그 자체... 걸음 옮길 공간도 없이.. 걍 앞사람이 가면 발맞춰 움직일 수밖에 없는 상황... 한방향으로 가도 모자랄 판에 직원분은 자꾸 양방향으로 꾸역꾸역 들어가시라 안내하니 중간에서는 가려는 사람 오려는 사람 서로 충돌만 하고. 빵도 다 오픈돼있어서 위생도 신경쓰이고. 그와중에 직원분 빵 갖고 나오시면 진열하시는 그 짧은 시간 기다렸다 빵 집어올 여유도 없음. 뒤에서 자꾸 안 간다고 뭐라 하고 그분들도 다른 길이 없으니까 그렇겠지. 계산줄인지 빵줄인지 구분도 안되어 있고 구분할 공간도 없고 정신없고 여유없으니까 직원분들도 소리치시고. 그냥 대충 챙기고 빨리 거길 벗어나고 싶었음. 거의 뭐 지옥철. 사람 많을 때는 매장 내 혼잡하지 않게 한사람 빠지면 한사람 들어오는 식으로 출입 통제 좀 하셨으면. 어느정도 의지대로 움직일 수는 있어야지... 접기
5.0,2023.06.10,너무 맛있어요 또 가고 싶어요
5.0,2023.06.06,"지나가는길에 들러봤어요~~
성심당 대박!!! 좋아요"
5.0,2023.06.02,난 잠봉뵈르
5.0,2023.05.24,"대전 그자체
줄이 미친듯이 길긴 하지만 가성비 맛 미쳤다"
5.0,2023.05.22,복잡하고 웨이팅이 어느정도 있었지만 맛있음
5.0,2023.05.18,와 정신없이 고르다 빵을 10만원어치삼 .....  하나하나 다 맛있음!!
5.0,2023.05.18,"줄을 너무 서있긴 하지만 
계산도 빠르시고 종류도 거의 다 있었습니다
빵도 가격도 싸고 맛있고요
대전 또 가면 사러 갑니당 접기"
5.0,2023.05.16,케익이랑 빵파는곳이 나눠져있으니 주의하세요 ㅋ
5.0,2023.05.12,빵 이렇게 사고 2일 컷 했습니다. 식빵이 진짜 맛있었는데 더 살껄 후회했어요.
3.0,2023.05.09,줄서서 빵먹어보긴 처음. 딸기시루 먹어봤는데 맛있지만 나는 투썸 스초생이 더 좋음...
5.0,2023.05.04,사람 댕많.. ㅎㅎ 사랑 많이받은 건강한 빵 같긴했어용
5.0,2023.05.03,레전드 맛있음 주차가능한데 1시간밖에 안줬어여
5.0,2023.05.18,"줄을 너무 서있긴 하지만 
계산도 빠르시고 종류도 거의 다 있었습니다
빵도 가격도 ... 더보기"
4.0,2023.04.18,"대전의 최고 아웃풋 성심당
굉장히 맛있고 가격도 착함
주말엔 사람이 많아서 ,, 안가는거 추천"
5.0,2023.04.17,멍멍멍멍멍멍멍멍멍멍멍멍멍멍멍멍멍멍멍멍멍멍멍멍멍멍멍멍멍멍멍멍멍멍멍멍멍멍멍멍멍멍멍멍멍멍멍멍멍멍멍멍멍멍멍멍멍멍멍멍멍멍멍멍멍멍멍멍멍멍멍멍멍멍멍멍멍멍멍멍멍멍멍멍멍멍멍멍멍멍
4.0,2023.04.09,주말에 웨이팅있고 사람넘많지만 소금빵 못잃어..
5.0,2023.03.13,"사람 반 ,, 빵 반 ,,
대전의 유잼 스팟답게 사람이 너무 많았지만 은근 회전도 빠르고 빵도 맛있고 가격도 저렴함
초코튀소를 못 사서 미련 뚝뚝 ..은 핑계고 다음에 또 갈 거임 접기"
5.0,2023.02.27,"튀소구마 진짜맛있음 부추빵은 무난무난
근데 가격이 너무 싸 성심당 최고

 접기"
3.0,2023.02.16,가격은 진짜 저렴한데 맛은 기대보다 별로였어요
5.0,2023.02.12,사람이 많아서 정신 없고 줄 서서 들어가야 하지만 가성비도 좋고 맛있었다!! 특히 앙버터샌드같은거 추천!!
5.0,2023.01.19,"참치고로케랑 감자인줄 등등 다 맛있었음
작은메아리가 최애. 소금빵도 좋고 튀소 튀구 딸기롤 호두타르트 다 맛있었음"
5.0,2023.01.14,성심당 너무 맛있어요ㅠㅠㅠㅠ
5.0,2023.01.13,맛있는데 최고의 맛까지 아닙니다만 가격대비생각하면 최고맞아영
5.0,2022.12.31,맛없는 빵이 하나도 없음 진짜ㅠ 특히 샌드위치는 꼭 하나씩 집으시길
5.0,2022.12.27,소굼빵이 1200원이라길래 몇개 집어 봤어요
5.0,2022.12.22,"대전의 심장이라는 말이 과언이 아닌게, 대전 시내 가면 모두가 똑같은 종이 가방을 들고 다니는 모습을 볼 수 있습니다 ㅋㅋㅋㅋ"
5.0,2022.12.21,사랑해요
5.0,2022.11.21,맛있고 저렴하다! 평일에도 사람 많음
5.0,2026.07.16,"성심당은 말모 말모
7월 주말에 방문하니까 웨이팅 20분 정도 했음
안내자분들 친절하시고 우산도 있어서 좋음
무엇보다 빵이 가성비 괜찮다,,
이 시기에는 힘들어서 웨이팅 하러 못 가겠지만 말차 크루아상이랑 메아리, 명란 바게트 먹으러 또 가고 어요 접기"
4.0,2026.07.12,"주말은복잡아서중구난방장날분위기
케익은비싸고빵은싸고"
5.0,2026.07.08,또 가고싶당
5.0,2026.07.06,"20여분만에 입장,,, 착한가격에"
2.0,2026.07.04,ㄹ 먼
1.0,2026.06.16,"6/16 오전 치아바타 탔슈. 탄맛나유.🤕

굽기정도도 확인하고 구매해야 하는곳인가 의문이네..

1/3먹다 버렸슈 접기"
5.0,2026.05.26,망고를 어디까지 넣어주시는거에효...??? 양 미쵸따 🤤🤤 실하니 아주그냥 입안에 망고 가득 행복 💛 성심당 갈려고 대전 여행 했는데 오길 잘했다 ㅎㅎ 성심당 짱 👏
1.0,2026.05.26,"2시간 서서 기다렸습니다. 
이런게 문화라 한번 경험해봤습니다. 
다신 안 가겠습니다."
5.0,2026.05.24,갓심당
1.0,2026.05.16,"맛은 좋습니다
그런데 직원 중 몇몇은 불친절하네요
사람 많아 치이면서 일하는거 많이 힘들겠지만
안그래도 사람많아 소리도 안들리는데 목소리는 웅얼거리고 처음 와서 어떻게 하는지 몰라 물어보면 한숨쉬고 답답하다는 듯 쳐다보고... 포인트는 앱으로만(?) 하라고...
몇번을 안들린다고 말 크게 부탁드린다고 해도 똑같이 말하고
와이프 추천에 대전 갔다가 가족들 사주려고 기분좋게 사러왔다가 기분이 안좋아지네요
본점 계산대 7번인가 6번인가 번호는 헷갈리네요
방문하시는 연령대가 젊으신 분들만 있으신 건 아닌거 같은데... 뭐 제가 더 예민 할 수 있겠습니다
장사는 잘 됩니다 접기"
5.0,2026.05.13,아 대전 사람들 부럽다
5.0,2026.05.05,정진이 답사하여 먹수지리적으로 완벽한 곳 (上)
5.0,2026.05.03,넘 맛있어요!!
1.0,2026.04.30,"웨이팅 줄 긴건 그냥 다들 새치기도 안하고 줄 잘 서서  그렇다치는데 본점 안에서가 더 질서를 잘지켜야되지않아요? 밖에서 줄 잘서면 뭐해요 안에서 다 새치기하는데
진짜 무질서의 끝을 보고 왔네요 오늘 매장 내에서나 줄 잘 세워요 고르시면 다른데 고르러 가시면 된다고 안내하지말고 줄 세워요 줄 매장안에서 욕하면서 싸워야 줄 제대로 세울거예요? 접기"
5.0,2026.04.24,성심당은 믿고 먹어도 됨 ㅎ
5.0,2026.04.15,"이사 오기 전에는 소문만 들었는데, 3월에 대전으로 이사온 후로는 성심당찐팬이 되었어요. 맛도 좋고 가성비도 좋고~성심당 최고입니다^^"
5.0,2026.04.12,최강삼성 승리하리라....
1.0,2026.04.11,"다른건 둘째 치고 빵써는 알바분 눈치 엄청줌..
빵이 많았던것도 있는데 한개를 사던 여러개를 사던 그 만큼 값을 지불했기 때문에 그만한 서비스를 받는게 맞다고 생각함. 근데 안써는 빵 두개 빼고 한 봉지 드렸는데 안썰 빵 가져가려고 하고 썰거 드리니까 “이거 다요..?;;“ 요런 반응.. 뒤에 손님은 밀리는데 빨리할 생각도 없고 건성으로 대충 썰면서도 예쁘게 써는건 기대도 안하지만 작게 썰다가 덩어리로 썰어버리고..성심당 기업이미지도 좋은편이고 일하시는 분들도 대부분 친절한편이라 좋게 생각하는데 이런 알바생 하나때문에 성심당 전체 이미지가 깎이는 느낌이네요;; 많은 사람들이 찾아주고 사랑해주는 만큼 알바교육 잘되었으면 좋겠습니다. 접기"
5.0,2026.03.25,대전의 전부. 빵을 이렇게 사도 돈이 이만큼 밖에 안 나오는게 맞나 싶어서 놀라는 곳.
5.0,2026.03.21,"대전 갈때마다 꼭 방문하는 맛집 !!
가격들도 너무 착하고 빵도 너무나 맛있어요 👍👍

•강추메뉴💓
튀소구마🍠- 제 최애 메뉴 ㅜㅜ 고구마 좋아하면 무조건 드세요! 맨날 2개씩 집어옴
크리미튀소🥛- 달달한 우유크림에 팥 조합 너무 좋아요
무화과 데니쉬- 와.. 이거 보통 퀄리티가 아님.. 위에 올라간 크림치즈+요거트 맛 나는데 너무 어울리는 조합 임 .. 성심당에서 먹은 빵 중에 탑…👍
윌넛브레드👩‍🌾- 이거 구수하니 할미입맛 저격입니다
안에 견과류가 콕콕박혀있어용 꼭 집어오세요

•추천메뉴
토요빵- 쫀득쫀득한 식감이 맛있어요!
먹물방망이- 크림치즈와 달달한 조합 넘 잘 어울려용 다만 냉동보관 오래하면 엄청 딱딱해져요 ..!
명란바게트- 아 짭짤하니 또 땡긴다!
말차튀소- 달긴 하지만 맛있음 
메론빵- 안에 들어있는 크림이 맛있어요!!
야끼소바빵(샌드위치정거장)- 당일에 먹어봤는데 일본에서 먹은거보다 맛있었어요! 야끼소바 밑에 짭짤한 소스가 발려져 있어 같이 먹으면 극락
말차크로와상🥐- 말차러버들 꼭 집어오새요!! 말차맛 찐하구 초코도 너무 잘 어울려요… 다만 안까지 크림이 꽉꽉차서 느끼할 수도!

•보통
후렌치파이- 빠삭한 식감에 겉엔 꿀 안에는 잼이 들어 있는거 같아요
초코튀소- 넘 달아용
튀김소보로- 괜찮은데 차라리 고구마나 크리미가 훨씬 맛있음
낙지고로케- 맵고 짠데 맛있음!
아몬드 크로와상- 맛있게 먹은 기억이 있어 추천메뉴였으나 밤 8시에 가서 사니 눅눅해졌여요 ㅜㅜ 늦게가서 사진 마세용

•비추🥹
소금빵- 버터의 풍미가 없음 ㅜㅜ 그냥 일반 빵 먹는거 같음)
스콘 - 밀가루 맛 많이 남
애플파이- 안에 사과가 씹히는 맛을 기대했으나 커스타드 크림에 애플잼 맛남 빵 겉에 설탕 뿌려져있는데 이거 때문에 더 달았음
애플브리치즈샌드위치- 뭔 맛으로 사먹는거예요..? 너무 느끼함

•Tip 
한가득 산 빵을 냉동 보관하시구
소보루 같이 바삭한 식감의 빵은 에어프라이어에 데워먹는게 맛있구 나머지 일반 빵들은 물 살짝 묻히거나 물스프레이로 분사해서 전자레인지에 돌리면 촉촉하니 존맛 입니다 ..!  접기"
5.0,2026.03.16,다음에 꼭 또 먹을 것: 순수롤 다른 맛
5.0,2026.03.13,"평일 저녁방문
수월하게 샀네요 
가격도 좋고 맛도 좋고^^ 담날 먹으니 더 맛났네용"
5.0,2026.07.16,"성심당은 말모 말모
7월 주말에 방문하니까 웨이팅 20분 정도 했음
안내자분들 친절하시고 우산도 있어서 좋음
무... 더보기"
1.0,2026.06.16,"6/16 오전 치아바타 탔슈. 탄맛나유.🤕

굽기정도도 확인하고... 더보기"
1.0,2026.05.16,"맛은 좋습니다
그런데 직원 중 몇몇은 불친절하네요
사람 많아 치이면서 일하는거 많이 힘들겠지만
안그래도 사람많아 소리도 안들리는... 더보기"
5.0,2026.03.21,"대전 갈때마다 꼭 방문하는 맛집 !!
가격들도 너무 착하고 빵도 너무나 맛있어요 👍👍

•강추메뉴💓
튀소구마🍠- 제... 더보기"
5.0,2026.03.09,"본점이 빵 종류 훨씬 많아서 좋아요
대전 갈 때마다 들려야겠음"
5.0,2026.03.04,"3회차 방문 -> 최근 일요일 오전 11시 기준 웨이팅 50분했음. 성심당은 최고임,,, 그리고 무조건 본점 가야함
첫번째 사진 : 2024년 12월 말 구매
두번째 사진 : 2026년 2월 말 구매 접기"
5.0,2026.02.26,리뷰 2500개 첨봐유 ㅋㅋ 색다르기보다는 보장된맛+내어릴적가격으로 집앞에있으면 좋겠는 빵집
2.0,2026.02.24,"소문난 잔치집에 먹을게 없다. 란 말이 딱 맞는 듯..
왜 이렇게 줄서서 먹고 왜 이렇게 매스컴에서 띄어주는지 모르겠음. 
그냥 빵집 임. 
그 이상 그 이하도 아님. 
단, 기부도 많이 하시고 좋은 일 많이 하신다니 장사가 잘 됐음 좋겠습니다.  접기"
5.0,2026.02.19,"이거먹으려고 출근하다싶이 준비해서 왔지만 후회는 없어요 특히 주먹밥? 그 고기먹고 먹는 볶음밥 누룽지 마냥 빠작하고 간이 짭쬬롬해요 

아니다 후회라면 그빵을 두개밖에 사오지않은 과거의 나를 후회해요 접기"
4.0,2026.02.19,요번에 말차신상 맛있음!
4.0,2026.02.19,"대전 오면 꼭 가야하는 대전의 자랑 성.심.당!!!!
맛도 좋고 가격도 괜찮음. 줄서서 기다리는 보람이 있음.
근데 딸기 시루나 이런거 솔직히 말하면 좀 별로에요...딸기 시루 빵이 좀 퍽퍽함...( 정말 제 개인적인 생각입니다. ) 접기"
5.0,2026.02.17,왜 성심당이 인기가 많은지 알 수 있었어요. 프랜차이즈 빵집에서는 맛볼 수 없는 맛이 있어요. 엄청 맛있었고 또 가고 싶어요.
5.0,2026.02.16,"튀소보단 말차튀소 
가격 좋고 맛 좋은 성심당입니다"
5.0,2026.02.14,설명절이라 평소보다 줄이 길지는 않은데 그래도 사람들이 많네요
4.0,2026.02.12,빵은 정말 맛있었지만 부족한점은 사람이 끊임없이 들어가서 복잡하다는것입니다. 몇명은 들어가고 기다리고를 했으면 좋겠습니다.
5.0,2026.02.11,"간지 좀 되기는 했지만,,딸기빙수에 딸기가 진짜 맛있었다🍓"
4.0,2026.02.09,딸기 시루 구입하는데 아침 6시부터 2시간 기다림. 맛보다는 득템하는 기분으로 양은 어마하더라 며칠을 먹었으니까 ㅎㅎ
5.0,2026.02.07,이 가격에 이 맛 못 따라옵니다.
5.0,2026.02.04,"요즘 인기인 시루도 맛있지만 성심당은 역시 빵이 근본입니다 보문산메아리,명란바게트,튀소, 그리고 김치주먹밥도 완전 맛있음 ㅎ 순수롤도 최고"
5.0,2026.02.03,"말차튀소 비주얼만 참으면 짱맛!!
직원 분들 항상 친절하세요♡"
5.0,2026.02.01,저는 녹차 시루가 더 맛있었어요
3.0,2026.01.18,"이것만으로 1점을 주고싶진 않아서 3점 남깁니다.
제가 구매한 것은 : 딸기요거롤, 말차롤, 튀소류 총 9개, 메아리빵, 딸기요거트빵, 명란바게트, 마들렌 등 다양한 빵을 샀고 다른건 만족했는데요.
말차롤에 크림이 이렇게 적나요? 다른 말차롤 후기 사진들을 보니 전혀 이렇지 않은데 정말 너무 적어서 빵맛밖에 안 느껴집니다. 제가 사온 딸기 요거롤과 비교해도 크림양이 정말 차이낚습니다. 이 한 조각만 그런게 아니고 말차롤 전체가 그랬어요.
부모님께 선물로 드리려고 말차롤을 선택한 것인데 너무 실망스럽고, 카운터 직원들 다는 아니지만 몇몇분 너무 불친절하십니다. 성심당이 바쁜 영업장인것을 고려해도 제가 고객으로서 짜증과 피곤을 마땅히 받아야할까요 ㅠ..ㅠ . 접기"
5.0,2026.03.04,"3회차 방문 -> 최근 일요일 오전 11시 기준 웨이팅 50분했음. 성심당은 최고임,,, 그리고 무조건 본점 가야함
첫번째 사진 : 2... 더보기"
2.0,2026.02.24,"소문난 잔치집에 먹을게 없다. 란 말이 딱 맞는 듯..
왜 이렇게 줄서서 먹고 왜 이렇게 매스컴에서 띄어주는지 모르겠음. 
그냥 빵집 ... 더보기"
5.0,2026.02.19,"이거먹으려고 출근하다싶이 준비해서 왔지만 후회는 없어요 특히 주먹밥? 그 고기먹고 먹는 볶음밥 누룽지 마냥 빠작하고 간이 짭쬬롬해요 
... 더보기"
5.0,2026.01.17,"맛도 5점! 분위기도 5점!
정말 맛있고, 1번 더 가고싶다.
이런 빵집은 처음이다"
5.0,2026.01.08,"평일에 갔는데도 줄슴..주말엔 생각도하기 싫네여
성심당 마을에 온것처럼 지나다니는 사람들
다 성심당 쇼핑백 들고다님ㅋㅋ
시루는 금방샀는데 빵사는데 줄섰어요
안에 들어가면 줄안스고 빵고르러 다니는거라 
완전 시장통이 따로없었지만 가격이 너무착해서 깜짝쓰..
왜 성심당 성심당 하는줄 알겠네여..
멀지만 않으면 자주오고 싶당ㅜㅜ
빵사러  왕복6시간은 힘듬..😭 접기"
5.0,2026.01.07,대전 사람들 부러워지는 빵집. 케익 구매하러 가야하는데 엄두가 안 남.. 시루 케익 도전해보고 싶다..
5.0,2025.12.28,"평일 아침 9시 매일 점심 저녁 먹을 빵사러옴
주말 및 공휴일에는 안감 줄서는데 30분 넘게걸리는데 빵 먹자고 그건 좀;;

저점 높고 소금빵은 가격 쌈 (1300)
단팥빵 (1700)<< 이건 안쌈

튀소는 그냥 무난무난 하던데 나말고 더 잘적은 사람들 있겠지 뭐

 접기"
5.0,2025.12.21,"말차 크루와상 너무 맛있었어요.
다음엔 말차딸기시루 먹으러 와야겠어요!
12/17(수) 주차장까지 줄 길게 이어져 있었는데
회전율 빨라서 30분 이내로 입장했어요. 접기"
5.0,2025.12.21,"빵 대기시간 11분 정도 걸림(주말 40분 ~ 55분), 양산 비치해둬서 너무 나이스, 밖에 안내직원은 더울 듯요 넥 선풍기라도,"
3.0,2025.12.20,"와 솔직히 잘 모르겠음
빵은 맛있고 저렴한데, 무슨 길바닥 시장통인지
줄이 꽤 길어도 빨리빨리 빠지는 느낌인데.. 이게 좀 문제인 것 같음
매장안에 사람이 너무 많아서 무질서한 사람이 많이 보임.
매장안에 빵 고를때는 줄 안서는게 맞다고 써있기도 하고 그 부분은 알고 있는데, 매장안에 사람이 너무 많다보니 빵 담으려고 대기하는데 막 밀치면서 갑자기 튀어나오는 무개념한 사람도 있고
카운터 직원들도 불칠전함 접기"
5.0,2025.12.17,평일 수요일에 갔는데... 줄이 진짜진짜 길었어요 임산부 프리패스 아님 못갈거 같아요ㅠ 안에 정신 하나도 없으니 미리 살꺼 정해서 사세요 대전은 성심당💫
5.0,2025.12.14,"진짜 대전 갈때마다 꼭 방문하는 빵 맛집입니다. 
가격도 저렴하고 빵도 맛있어서 너무너무 애정하는 빵집이에요. 

개인적으로 순크림빵, 찹쌀주먹밥, 리얼메론빵, 소금빵, 초코튀소, 토요빵, 샌드위치류 정말 추천합니다. 

매장에 사람들이 정말 많은데, 순환이 빠른편이라 기다릴만 했어요.

앞으로도 대전 갈일 있음 또 들러서 빵 왕창 사오고 싶네요.  접기"
5.0,2025.12.05,"사람이 정말 많지만 조금만 기다리면 생각보다 빨리 입장할 수 있음
선물용 빵이 잘 마련되어 있어서 대전 갈 일 있으면 방문하기 좋음!!"
5.0,2025.12.01,천국이 아닐까?
5.0,2025.12.01,평일 저녁엔 줄 안 서고 바로 입장해요~ 잔뜩 샀는데도 2만 원이라고 해서 신기했습니다.
5.0,2025.11.24,"솔직히 빵은 좀 내용물에비해 가성비 있다?이정도고 
시루가 진짜.존맛탱임 ㅠ특히 안녕 크레페 이거 너무마싯음
빵하나도 안사고 저거사온게 대전가서 젤잘한거
오는길에 마라고로케 하나먹엇는데 빵중에선 구게 젤 신박한맛이엇음 접기"
5.0,2025.11.24,카프레제 샌드위 ㅣ 맛있음
5.0,2025.11.20,교수님이 사와주셨는데 완전 바삭하고 맛있네요^^
5.0,2025.11.18,"말뭐,,존맛탱 줄서는게 힘들깅해여"
4.0,2025.11.12,"마라고로케
이거 첨 먹어봤는데
으악~~!!
너무 짜요!!
다른 빵들은 맛난것도 있고 다양한데
이건 제 입맛에 너무 짜요! 접기"
4.0,2025.11.08,"아까 분명히 7번으로 달라고 했고 결제 내역도 10,800원으로 맞게 되어 있는데 집에 와서 보니까 안에 전부 다 팥이더라고요 ㅠㅠ
긴 줄을 서서 기다렸는데…아깝다 ㅠㅠ
부추랑 튀소구마 먹어보고 싶었는데 ㅠㅠ 접기"
5.0,2025.11.07,"성심당 가면 꼭 먹는 애플바질잠봉, 야끼소바빵♡"
3.0,2025.11.02,"휴일.성수기.행사날  다 피하세요 
엄청난 인파 헬인듯
겨우겨우 사갖고 갑니다"
5.0,2025.12.28,"평일 아침 9시 매일 점심 저녁 먹을 빵사러옴
주말 및 공휴일에는 안감 줄서는데 ... 더보기"
5.0,2025.12.21,"말차 크루와상 너무 맛있었어요.
다음엔 말차딸기시루 먹으러 와야겠어요!
12/17(수) 주차장까지 줄 길게 이어... 더보기"
3.0,2025.12.20,"와 솔직히 잘 모르겠음
빵은 맛있고 저렴한데, 무슨 길바닥 시장통인지
줄이 꽤 길어도 빨리빨리 빠지는 느낌인데.. 이게 좀 문제인 것 같... 더보기"
5.0,2025.12.14,"진짜 대전 갈때마다 꼭 방문하는 빵 맛집입니다. 
가격도 저렴하고 빵도 맛있어서 너무너무 애정하는 빵집이에... 더보기"
4.0,2025.11.12,"마라고로케
이거 첨 먹어봤는데
으악~~!!
너무 짜요!... 더보기"
4.0,2025.11.08,"아까 분명히 7번으로 달라고 했고 결제 내역도 10,800원으로 맞게 되어 있는데 집에 와서 보니까 안에 전부 다 팥이더라고요 ㅠㅠ
긴 줄을... 더보기"
5.0,2025.11.01,"다 아는 곳~♡  빵은 상품수준대비 정말 쌉니다.
빵이 다양하지만 화려한 데코가 많은 빵은 없음.
케잌부티끄는 손발이 척척맞는 기계사람이 있는 듯 주문부터 마무리까지 깔끔한 동선에 놀랐음 접기"
4.0,2025.10.26,"맛 가격 모두 훌륭해요..!
다만 사람을 매장 규모에 비해 너무 많이 받아서 빵 고를 때 너무 힘들어요 ㅜㅜ 사람이 다닥다닥 붙어서 다른 사람 쟁반에 이리 치이고 저리 치이고.. 갈 때 절대 아끼는 옷이나 흰 옷은 입지 마시길,,
다른 사람 쟁반이나 집게에 부딪혀서 옷에 빵이랑 소스 묻을 수도 있어요.
매장 내 체계가 좀 잡히면 좋겠어요. 접기"
3.0,2025.10.20,"2025.10.17 부추빵, 고로케(참치/카레/낙지), 작은메아리, 찹쌀도넛, 해바라기, 크루아상
장점: 합리적인 가격에 다양한 메뉴와 푸짐한 양.
단점: 상향 평준화된 업계라 입맛도 올라가 내려 올 줄 모르는.

2023.08.08
말이 필요 없는 레전드. 접기"
4.0,2025.10.20,"부추빵 맛있어용
소금빵은 버터의 풍미가 차원이 달라요"
5.0,2025.10.19,가성비와 맛이 균형이 잘 맞아서 매번 대전까지오게되... 웨이팅은 좀 지옥이에요. 안에서도 사람 미어터지구요
5.0,2025.10.13,"'딸기시루' 라는 표현이 딱입니다 ㅋ
딸기반 쵸코케잌 반
사진에 메리크리스마스 데코는 개인적 소품 얹은거고요
보문산 메아리 촉촉하고 달고 맛있습니다.
성심당 잘 되시길 바라고  인기 비결은 착한 가격도 한몫하는것 같습니다 ^^ 접기"
3.0,2025.10.09,"빵은 맛있는데
과일시루가 기대이하에용.. 빵이랑
크림이 너무 맛없음 ㅠ"
5.0,2025.10.07,"지인들이 사다준거만 먹다가
드디어 와본 성심당!!

말차  가격 비싸서 뭐지했는데
말차 꼭 사세요! 하나만 산게 후회!!!!!!!!!!!

성심당식빵 가격착하고
우유에 퐁당 찍어먹으면 넘 맛있고요
부추는 개인적으로 별로고
튀소 고구마, 팥, 마라!!!!!!

다음에 가면 튀소랑 말차는 꼭  쓸어올거임. 접기"
4.0,2025.10.03,대전에만 있다는게 최대 단점
4.0,2025.10.02,점수 낮게 주는 ○○○○은 뭐니.. ㅋㅋㅋㅋ
1.0,2025.09.27,초코렛종류방이 한종류도 없음..
4.0,2025.09.25,내부 냉방이 좀 잘 안 되어 있어서 힘겹긴 했는데 그래도 만족스러웠어요.
5.0,2025.09.23,"평일 웨이팅: 밖에서 대기 7~8분
주차: 만원 이상 구매시 한시간 무료(부띠끄랑 별개로 계산)

추천 빵!
-명란바게트 (3800)
-작은 메아리(3000)
-우유 고로케 (2300)
다른 빵들은 무난했다면 이 셋은 너무나 행복한 맛. .
 접기"
5.0,2025.09.21,헤헵 빵을 그렇게 많이 샀는데 2만원! 성심당의 사랑을 잘 보고왓습니다!💕💕 최고(영상은 대전역점)
5.0,2025.09.16,화요일 낮 12시반쯤 방문했는데 십여분 대기하고 구매완료~ 확실히 프랜차이즈 빵집들보다 저렴하고 맛있네요
5.0,2025.09.13,"대전의 자랑이자 명물이자 문화.
가성비든 맛이든 GOAT 그 자체.
손님들의 예의는 전국 최하."
5.0,2025.09.11,"+주말 11시 본점, 부띠끄, 샌드위치 다돌면 1시간소요
재구매빵: 무화과크루아상, 아몬드크루아상, 명란바게뜨, 크리미튀소,초코튀소,빅매치
+디지털온누리 본점, 부띠끄, 샌드위치정거장 사용가능 직원분께 바코드제시 평일 3시즈음에는 본점,샌드위치,부띠끄 다 돌면 40분소요 
+25.6.망고시루전용줄, 부띠끄줄, 본점줄(가장짧음) 따로 있으므로 무슨줄인지 확인하고서야함 줄은금방빠지고 주말 8시반에 웨이팅시작해서 계산하고나오기까지 40분소요

+대전하면 순수롤이 생각나게 만든 곳!
주말기준 10시~11시 사이에 가서 30분대기
메이플시럽에 크림치즈가 조화로운 빅매치, 크리미튀소, 풍미가 진한 크림이 꽉찬 순수롤은 언제 먹어도 맛있다
다른 빵들도 좋은재료를 아낌없이 넣은데다가 저렴함
 접기"
5.0,2025.08.29,"가격 저렴한데 맛도 있고, 내용물도 풍성하니 너무 좋아요. 오래오래 영업해주세요"
5.0,2025.10.07,"지인들이 사다준거만 먹다가
드디어 와본 성심당!!

말차  가격 비싸... 더보기"
5.0,2025.09.23,"평일 웨이팅: 밖에서 대기 7~8분
주차: 만원 이상 구매시 한시간 무료... 더보기"
5.0,2025.09.11,"+주말 11시 본점, 부띠끄, 샌드위치 다돌면 1시간소요
재구매빵: 무화과크루아상, 아몬드크루아상, 명란바게뜨, 크리미튀소,... 더보기"
5.0,2025.08.24,"✅ 솔직 후기

대전은 성심당 없으면, 시체라는 말이 괜히 있는게 아니다. 
대전 시내가 대부분 성심당이라는 브랜드에 영향을 받고 있다. 
엄청난 인기로, 주차장도 지하 3층까지 있고 자리도 많지만
대부분 꽉찰 정도로 인기가 많다. 

20분 정도 기다리니, 실내 안으로 들어갔고
여러가지 다양한 빵들이 실내에 있었다. 
빵맛은 개인취향이기 때문에, 각자 다르겠지만
나는 맛있었음. 그리고 또 좋았던 게
성심당 같은 브랜드 정도쯤 되면, 가격 올릴만 한데
가격도 다른 브랜드와 비교해 정직한 편임. 

빵집 구경도 재미있었지만, 2층 식당도 맛있음.
한번 가면, 방문해보세요. 접기"
5.0,2025.08.16,"성심당은 단순한 빵집을 넘어, ‘대전의 상징’이라고 불릴 만큼 특별한 의미를 가진 곳입니다. 이번에 직접 방문했을 때 느낀 건, 단순히 빵 맛만이 아니라 분위기, 서비스, 그리고 그 안에 담긴 이야기까지 모두 하나의 경험이 된다는 것이었습니다.

입구에 들어서자마자 갓 구운 빵 냄새가 공기 가득 퍼져 있었습니다. 버터, 밀가루, 설탕이 어우러진 달콤하고 고소한 향이 사람들을 자연스럽게 매장 안쪽으로 이끌었습니다. 매장은 평일임에도 불구하고 많은 사람들로 붐볐고, 진열대 위에는 다양한 빵들이 가득 차 있었습니다. 그 풍경 자체가 마치 작은 빵 축제 같았습니다.

가장 먼저 눈에 들어온 건 성심당의 대표 메뉴인 튀김소보로였습니다. 큼직한 소보로 빵이 바삭하게 튀겨져 있었고, 표면에는 설탕이 고르게 뿌려져 있었습니다. 한 입 베어 물자마자 겉은 바삭하고 속은 부드러운 식감이 확실히 차별화되어 있었습니다. 안에 들어 있는 팥 앙금은 너무 달지 않고 은은하게 고소해, 빵과 완벽한 조화를 이루었습니다.

다음으로 맛본 건 부추빵이었습니다. 빵 속에 향긋한 부추와 잘 간 맞춘 소가 들어 있었는데, 마치 고로케와 야채빵의 장점을 합친 듯한 맛이었습니다. 기름에 튀겼지만 전혀 느끼하지 않았고, 부추 특유의 향이 고소함을 더해주어 한 개를 금세 다 먹어버렸습니다.

생크림 팥빵도 빼놓을 수 없었습니다. 부드러운 빵 속에 팥 앙금과 생크림이 층을 이루고 있었는데, 크림의 부드럽고 시원한 식감과 팥의 은은한 단맛이 입안에서 어우러져 디저트로서 완벽했습니다. 크림이 과하지 않아 끝까지 부담 없이 즐길 수 있었습니다.

성심당의 또 다른 매력은 다양한 종류의 빵과 디저트를 한곳에서 즐길 수 있다는 점입니다. 식사용 빵부터 디저트 빵, 파이, 케이크까지 종류가 정말 다양해, 고르다 보면 시간이 훌쩍 지나갑니다. 매장 안쪽에는 케이크 코너도 따로 마련되어 있었는데, 디자인이 세련되고 정성이 느껴졌습니다.

서비스 또한 인상적이었습니다. 직원분들이 늘 밝게 인사하고, 시식용 빵을 준비해 두어 다양한 빵을 맛본 후 선택할 수 있도록 배려했습니다. 계산을 마친 후에도 깔끔하게 포장해 주고, 무거운 빵 봉투를 건네줄 때 작은 배려의 말 한마디를 잊지 않는 모습이 좋았습니다.

성심당이 단순한 빵집이 아닌 ‘명소’가 된 이유는, 빵의 맛과 품질은 물론, 오랜 전통과 정성을 지키는 철학 덕분인 것 같습니다. 대전 시민뿐 아니라 전국에서 사람들이 일부러 찾아올 만한 가치가 있는 곳입니다.

결론적으로, 이번 성심당 방문은 단순히 빵을 사 먹는 경험이 아니라, 한 도시의 문화와 정성을 맛본 시간이었습니다. 대표 메뉴인 튀김소보로, 부추빵, 생크림 팥빵 모두 기대 이상이었고, 앞으로 대전에 갈 때마다 꼭 다시 찾게 될 것 같습니다 접기"
3.0,2025.08.14,"튀김소보루랑 고로케류는 맛있음 나머지는 아주아주 평범함... 베스트셀러인 작은 메아리도 너무너무 평범한 퀸아망이었음
명란바게트도 특별히 맛있지 않았음 오히려 다른 빵집들에 비하면 맛이 없음. 가격때문에 인기있는 건가싶지만 아무리 싸도 별로 먹고 싶진 않음...
주먹밥은 맛은 괜찮으나 너무 기름지고 토요빵은 취향이 아니었음
여러번 드나들고 내린 결론은... 튀소랑 고로케를 제외한 대부분의 빵이 평범한 맛이라는 것임. 그 옆에 같은 성심당 라인의 샌드위치 정거장 제품들이 맛이나 가격면에서는 훨씬 나은 것 같음
(하지만 샌드위치 정거장에서 파는 프렌치망고는 너무 달아서 이거는 성심당 옐로우망고로 사는 걸 추천함)
계산 대기줄은 좀 바뀌었으면 좋겠음 비어있는 계산대 가서 서면 된다는데 계산대마다 복작복작해서 어디까지가 그 계산대 줄인지 누가 어느 줄에서 대기하고 있는 건지 비어있는 계산대가 맞는지조차 잘 안 보이고 헷갈림
마지막으로 사람들이 그렇게 바글거리는데도 하루종일 친절함을 유지하는 직원들 태도는 박수받아 마땅함 갈때마다 존경스러움 접기"
5.0,2025.08.10,여전히 맛있어요! 임산부 프리패스로 이용했는데 빵을 두 번 고르고 결제를 두 번 했었습니다. 첫 번째 결제할 때에는 임산부할인 받고 온누리상품권 결제를 했는데 두 번째 결제시 임산부 할인 5%와 온누리 상품권 중복이 안된다고 안내 받아서 당황스러웠어요. 인턴 분이시던데 중복할인이 되는거라 불가하다 하시더라구요. 옆에 계시던 직원분도 아무 말씀 안하셔서 아 원칙이 그런건가? 싶었는데 그럼 온누리 10%로 쓰지 임산부 할인 5%를 선택할 이유는 없지 않을까요...? 정확하게 안내 해 주시면 좋을 것 같아요. 접기
5.0,2025.08.07,"대전인들은 잘 안 먹는다던데 왜 난 맨날 먹고싶지??
이번 생일에도 망고시루 무조건 먹을거에요 
진짜 모든빵이 다 맛있고 가성비 좋은 최고의 빵집!
 접기"
5.0,2025.07.29,"국내한정으로 보자면 올타임 no1빵집인건 거의
대부분 인정하실듯.... 길게쓸말이없다 ㅎ

심지어 포장해온 제품빵도 괜찮네 흠.. 접기"
4.0,2025.07.24,웨이팅이 있지만 생각보다 빨리 줄고 빵 박물관 온 거 처럼 볼거리로도 가볼만하다고 생각합니다
5.0,2025.07.23,판매 제한이 걸린 데는 이유가 있습니다... 망고롤을 사십시오... 그리고 빵만 사더라도 꼭 보냉백을 구입하십시오.... 33도 무더위에 어떻게 살아돌아왔는지 기억이 안 나지만 나중에 쓰기 개좋아보여서 두 개 사왔는데 너무 기대됩니다 전 망고롤을 사고 집안의 자랑이 되었습니다 접기
5.0,2025.07.18,성심당때문에 대전에서 살고 싶어여...🥺
5.0,2025.06.03,"평일에 가면 줄 없이 살 수 있음
근데 밖에 줄은 없어도 안에는 사람 바글바글함"
2.0,2025.06.01,"주말에  와이프랑 딸이 빵을좋아해서 일부러 아침일찍 방문했습니다
8시오픈에인가에   9시쯤 도착했는데도  많은 사람들이 줄을서있네요..
우리나라사람들이  빵을 이리좋아했나하는 생각이들었네요..빵은 1군데서만파는게아니고  주변으로 한4군데정도서  파는것같습니다..
전 차에대기하고  와이프랑 딸만 가서사오는데 얘기들어보니 입구까지는 줄을서고  매장내에서는 동선없이 마구잡이로 움직인다고하니  매장안은 난리였다하네요.ㅎ
여하튼  사람들손에는 빵봉지랑 케잌등이 아주 많이 들고들 계시더라구요..사가지고 집에와서 식탁에서 빵을 먹는데 종류도많고  몇칠은  먹겠네요..ㅋ
담엔  인근 빵집으로 갈렵니다...ㅎㅎ 접기"
5.0,2025.05.30,망고시루 맛있어요
5.0,2025.05.26,"튀소 무척 싸고 맛있어요.
많이사서 집가서 나눠먹기 국룰"
5.0,2025.05.25,믿고가는 성심당! 직원분들 센스 무슨일이죠 ㅜㅜㅠ 다시 또 가고싶어요
4.0,2025.05.22,"와 평일날 오후에 가서 그나마 대기줄 안서고 들어갔어요 근데도 매장안에 사람이 ㄷ ㄷ ㄷ ㄷ 
빵은  종류는 평범했지만 가격이 착하고 맛도 좋았습니다"
5.0,2025.05.22,바쁜와중에 친절하게 응대해주셔서 기분이 좋았습니다. 빵도 맛있었구요 다만 방문객들의 무질서와 짜증 그리고 끼어들기로 인해 기분이 좀 나빴습니다.
5.0,2025.05.19,"사람 많아 정신없으나 맛과 가격은 최고

일요일 오후 방문 추천

야끼소바빵, 토요빵 추천✨ 접기"
2.0,2025.05.18,"딸기양은 진짜 많은데
빵도 맛없고 크림도 느끼해요...
이렇게까지 인기 많은 게 신기했어요!
그래도 빵들이 저렴한 것 같아요. 접기"
1.0,2025.05.12,명란바게트에서 비닐이 나왔습니다. 명란 짤주머니에서 나온 것 같은데 위생 관리에 더 신경을 쓰시길 바랍니다.
5.0,2025.05.10,맛있고 가성비 좋아요
5.0,2025.05.06,대전 갈때마다 들리는곳 맛있어요
5.0,2025.05.04,좋아요
4.0,2025.05.02,맛있고 다 좋은데 왜 이렇게 무질서한지 모르겠습니다. 차라리 한 줄로 빵을 사면 이해가 되는데 자유롭게 알아서 하라고 하니 너무 혼란스럽네요.
4.0,2025.04.30,"기다리는게 힘들어 별하나 아이들이 정말 좋아해요
근처 살지만 그래서 더 오기. 힘든 곳! 😹"
5.0,2025.04.28,"그냥 솔직히 말해서
가격이 개 쌉니다. 
빵은 튀소, 명란바게트, 야끼소바빵 이정도 구매했는데 웨이팅이 있긴 하지만 충분히 기다릴 정도 수준의 빵이었으며, 요즘 옆집 파리동네도 너무 비싼 수준의 빵인데 이정도 가격에 이정도 맛이면 너무 훌륭했습니다! 
튀소도 처음 먹어봤는데, 성심당만의 시그니처 특색이 잘 느껴져서 좋았어요!  접기"
5.0,2025.04.28,"평일 오전에 가면 웨이팅 없어서 여유롭게 빵 고를 수 있어서 좋고, 김치찹쌀주먹밥만 50만개 먹고싶어요😭😭"
5.0,2025.04.22,아 단호박 빙수 제발 먹지 마세요 제발요
5.0,2025.04.18,대전 출장올때마다 자주 방문. 유명한 만큼 가성비 좋고 빵 퀄리티 좋다.
3.0,2025.04.12,맛3/가격4/양5/친절3
1.0,2025.04.11,"딸기 케익인데 이런걸 먹으라고 만든건가요?
한심하다."
4.0,2025.04.08,"가성비 좋은 성심당 빵들은 추억의 맛이 나는데요~🥖🍞  7번 삼총사 세트는 가성비 좋은 선물세트로 딱 이더라고요~🍞🥯 부추빵 2개, 튀소구마2개, 튀김소보로2개가 박스가득 묵직하게 들어 있어요~😍부추빵은 다진 부추와 다짐육,그리고 삶은 달걀이 들어있고 자극적이지 않으면서 부추 향이 은은했어요. 튀소구마는 팥 앙금 대신 고구마무스가 앙코로 들어있고부드럽고 달달한 고구마 향이 솔솔 납니다. 튀김소보로는 팥앙금이 가득 차 있어서 우유나 커피와 달큼하게 먹을 수 있어요🥛☕️ 부추빵 250kal, 튀소구마와 튀김소보로 343 kal이니 참고하셔요~😀 포장 후에 튀김소보로를 맛있게 드시려면 에어프라이어 180도 3~5분간 데우거나프라이팬에 약불로 살짝 구워 드시면 겉이 바삭해지면서  더 맛있게 즐길 수 있어요😍👍 당일에 다 못 드시면 냉동 보관해 주시면 됩니다🍞🍞🥯 접기"
5.0,2025.03.28,"(주말 기준) 바로 옆 <성심당 케잌부띠끄> 보다는 대기줄이 훨씬 짧습니다. 여기도 회전율이 무지 빠르니, 생각보다 빠른 입장이 가능해요. 단지, 내부 들어가면, 자율 쇼핑이라, 매우 혼잡 합니다. (입구 좌측에, ""명란 바게뜨"" 가 중간중간 보충 되는데, 나오자마자 싹 다 집어가서, 잘 캐치 하셔야 돼요. ""튀김 소보루""는 계산대 쪽에 많이 비치되어있어, 다른 빵들 먼저 확보(?) 하시고, 마지막에 담으시길 추천해요~)

""튀김 소보루""는, 말 그대로 소보루를 튀긴 건데, 전혀 기름진 맛이 없고, 단팥으로 보이는 속도 채워져 있으니, 개인적으로 좋아해서 가끔 먹는 <파리바게트> ""단팥크림빵"" 보다 비교 하는게 실례일 정도로 맛이 완벽 합니다. 5점 만점.

""명란 바게뜨"" 외 다른 빵들도, 다 맛있습니다. (개인적으로는, 부추빵만 건강한 느낌이라 별로였어요) 왜 대전에서만 판매하는 <성심당> 매출이, 전국 매장을 거느린 <파리바게트>와 그 외 프랜차이즈 보다 높은 지 이해가 되실 겁니다. 접기"
5.0,2025.03.10,"부띠끄 최애: 순수롤 ,망고시루
빵집 최애: 명란바게트, 튀소구마, 보문산 메아리,작은메아리
샌드위치 정거장 최애: 잠봉뵈르,고기한쌈,야끼소바 
선물최애 : 순수 마들렌
엄청 바쁘던데 매월 구인도 올라오고 젊은이들 열정페이 녹아나는곳 아니길
 접기"
1.0,2025.03.08,"주말이 문제인지 모르겠지만 최악임...
일단 줄 긴거야 이해하는데 여기는 샌드위치 줄 어디는 무슨줄 줄서는 것도 물어물어 찾아가야함.. 문제는 입장해서임 안은 걍 도떼기시장판임... 관리도 안되고 애들이 빵 주물럭 거리는거 제지하는 사람도 없고 지나다니기도 힘들어서 서로 진열된 빵 옷으로 쓸고다니거나 하는 거를 너무 많이봄 심지어 나한테 트레이에 담은 빵 들이박아서 크림 다 뭍혀놓고는 그 빵 다시 진열대에 갖다놓고 새거로 집어감 근데 제지하는 직원 하나 없음...;;; 사람을 더 뽑던가 관리가 되도록 입장 시키던가 해야하는게 아닌가 싶음... 빵 더 고르려다가 짜증도 나고 위생이 최악이라 더 이상 사고싶지가 않아서 나옴... 멀리서 대전까지 왔는데 최악의 경험이였음... 대전 빵집 1위가 맞나 싶음... 접기"
5.0,2025.03.03,"다 견뎌 내시는분이... 최고가 아닌....
정말 여기서 일하는분들이 대박인곳....

물론 머니도 많이 받겠지만... 사람 상대및 제품 생산...

회전률 엄청 빠르지만 줄은... 그만큼 물건도 엄청 빠지는....

처음가봤지만 손님, 직원 다들 대단들... 접기"
1.0,2025.02.28,"주차장 할인이 안됩니다
최대 2시간까지로 알고 있었습니다만

성심당 전용주차장이라는 곳에 주차를 하고
빵ㅡ본점, 친구구입후 영수증 요청했으나 안주심ㅡ과 케잌부티크 케잌, 샌드위치정거장 샌드위치를 사서
136천원 구매후 나왔는데, 주차권 1회만 적용되어 3천원 주차비 청구되었습니다

본점 관계자님들 
주차장 주차권 등록문제 좀 해결바랍니다.
작년처럼 주차권으로 2시간 적용권을 주시든
1시간 짜리 영수증 2개를 적용되게 해주시든

줄서서 구매만 하고 왔는데
1시간 20분에 3천원 주차비가 나왔습니다
이럴줄 알았다면 한시간 지나기 전에 출차후
다시 입차하였을 것입니다


빵과 케잌은 언제나 성심당입니다
주차문제만 해결부탁드립니다

 접기"
5.0,2025.02.27,"좋아요..사람도 많고
빵도 맛있어요 가성비 좋은거같아요
그런데...
딸기시루..ㅠㅠ
딸기만 빼서 먹고 빵 버렸어요..
제입엔 ㅠㅠ
브라우니는 아니었어요ㅠㅠ아쉬운게 많은 케익이네요 접기"
5.0,2025.02.23,"저번에 빵건물 길어서 못갔기 때문에 이번에 빵부터 감
10시반에 도착해서 12분 기다려서 들어감 이것저것 많이 샀는데 3만원 좀 넘음
그다음에 케잌부띠크 가려 했으나 웨이팅줄이 미쳐서 포기하고 나오는데 새로 오픈한 샌드위치줄이 보여서 25분쯤 기다려서 들어감 바게트 샌드위치 2개어 계란사라다샌드위치 사니 2만원 좀 안되게 나옴
성심당은 빵이 겁나 맛있기 보단 가격대비 실한 게 매력포인트인데 어제 다시 한 번 느낌
미니컵케이크 못 산 게 아쉬워서 다음에 가면 케잌부티크 먼저 갈꺼임
아 빵 먹을 수 있는 성심문화원? 갔는데 지하 너무 추웠음 지상으로 가서 먹는 게 좋을듭 접기"
4.0,2025.02.17,아 성버지...  이제야 깨달아요
5.0,2025.03.10,"부띠끄 최애: 순수롤 ,망고시루
빵집 최애: 명란바게트, 튀소구마, 보문산 메아리,작은메아리
샌드위치 정거장 ... 더보기"
5.0,2025.03.03,"다 견뎌 내시는분이... 최고가 아닌....
정말 여기서 일하는분들이 대박인곳....

... 더보기"
1.0,2025.02.28,"주차장 할인이 안됩니다
최대 2시간까지로 알고 있었습니다만

성심당 전용주... 더보기"
5.0,2025.02.27,"좋아요..사람도 많고
빵도 맛있어요 가성비 좋은거같아요
그런데...
... 더보기"
5.0,2025.01.25,성심당 부추빵과 딸기케이크.... 거의 그냥 생딸기를 쌓아올린 듯한 느낌. 맛있어요!
3.0,2025.01.20,줄이 길어도 너무 길어요
1.0,2025.01.11,"정성이 없는 공장같은 맛
서울사람인데 진짜 노맛이에요
웨이팅 없었는데 그래도 먹고나서 열받았어요 
부추빵은 선물 받아 먹었을때도 가서 바로 먹었을때도 왜 먹을때마다 상한 기분이에요? 
순우유크림빵이랑 고로케 정도만 괜찮고 빵이 뻑뻑해요
다른빵들 튀소 튀소구마 동그란빵 뭐 눈맞은 어쩌고 신상빵 다 별로.. 딸기시루는 진짜 먹는데 맛이 너무 없어서 기분나빠요 딸기는 달지않고 크림은 느글느글하네요 딱딱한 브라우니와 조화도 아주 별로입니다 성심당 정신이 좋다고 해서 이미지 좋은데 찾아갈 정도 맛집 아닌거 같아요 맛이 없어요 가성비도 모르겠어요 

 접기"
5.0,2025.01.10,"가성비가 너무 좋아서 가성비만 좋겠지 싶었는데 하나하나 맛도 너무 맛있었습니다.
성심순크림빵 너무 촉촉하게 맛있었고 튀소는 많이 먹어봐서 딸기,초코튀소, 튀소구마 먹어봤는데 딸기튀소도 맛있었어요.
가운데 컵케이크 같은거는 케이크부띠끄에서 딸기시루 먹어보고싶은데 양이 너무 많아서 저걸로 샀어요. 맛있었는데 딸기시루랑 비슷할지는 모르겠네요. 접기"
4.0,2025.01.03,오전에 갔는데 사람 정말 많았음. 내부에선 줄을 안 서는데 사람이 넘 많아서 빵 보고 고르려면 줄을 설 수 밖에 없어짐ㅋ.. 직원분은 줄 서지마시라 하는데 불가항력이었네요~ 계산대는 진짜 줄이 없긴 했어요. 빵은 엄청 저렴하진 않았는데 같은 가격의 다른 지역 빵에 비하면 맛이 좋더라고요. 다른 지역 보통 빵은 [가격 보통. 맛 없음.] 이라면 심당 빵은 [가격 보통. 맛 좋음.] 이정도 느낌 접기
4.0,2024.12.29,"포장해서 먹었는데 식어도 맛있네요 부추빵은 비추 넘 심심하고 풋내나서 먹다버렸고 소보로랑 크루와상 맛나요 명란바게트도 짭짤하니 맛있네요
사기전에 대기가 길었어요 고를때도 후다닥!! 이용방법. 숙지하시고 가세요 미리 뭐살지 적어가세요 줄서서 들어가는거라 후다닥 골라야해요 놓치면 뒤로 가기 불가하니 신중하세요 ㅋㅋ 접기"
5.0,2024.12.25,"너무너무너무 맛있어요
들어가는데 시간 오래 걸리는것도 아니고 줄도 안밀리게 할려고 계산 하는 곳도 많고 
빵도 가격 저렴하고 맛있어요 ㅠ 특히 명란바게트 미쳤어용.. 접기"
5.0,2024.12.07,항상 애용하는 대전의 자랑.
5.0,2024.11.17,"주말에 줄서기 싫었는데...
앞으로는 평일에만 가야겠네요 😀"
5.0,2024.11.16,토요일 13시53분의 빵 라인업
5.0,2024.11.15,알밤시루 크게 기대 안했는데 적당히 달달하고 맛있어요 행복해요 영원하라 성심당
1.0,2024.11.05,별로 동네 빵집. 맛없는 동네 빵집보다 못함.
4.0,2024.11.02,"빵 맛은 최고!! 가격도 최고!!
하지만 그만큼 사람이 정말 많습니다!!"
5.0,2024.11.02,맛있더라고요 가격도 괜찮고
5.0,2024.10.27,"This is undoubtedly the number 1 bakery in South Korea. The taste, environment,  vibes are all different. I am privileged enough to live nearby the main store and have a bite of products whenever I want. 
Keep in mind that inside is super busy and you have to wait in the line to get into.
Highly recommend for bread lovers.  접기"
5.0,2024.10.23,"역시 성심당은 성심당이다. 말이 필요 없습니다. 특히 가성비가 진짜 대단합니다... 깜짝 놀랄 정도랍니다
하나 놀란 점이라면 제품명을 정확히는 모르지만  치즈케이크를 샀는데 살면서 먹어본 치즈케이크 중에 제일 맛있었습니다 진짜 무조건 구매해보세요ㅋㅋㅋ
부추빵은 호불호 많이 갈려서 별로 추천하지는 않고 튀소, 고구마튀소, 초코튀소는 필수입니다 후렌치파이랑 작은메아리도 맛있어요.
명란바게트는 매진되어서 사지는 못했지만 꼭 먹어보고 싶네요.
빵 고를때 줄이 따로 없고 그냥 막 고를 수 있어서 가게 내부가 많이 복잡해요... 가게 내부 촬영할 수 없을 정도입니다. 줄을 좀 서서 고를 수 있는 시스템으로 바뀌면 덜 복잡하고 좋을 것 같아요

결론 : 성심당은 성심당이다. 접기"
3.0,2024.10.23,"하도 성심당 성심당 하길래 대전간김에 왕창 사왔지만…
그냥 먹어봤으니 된 것 같다. 빵 종류 많고 확실히 저렴하긴 한 것 같은데 딱 그런 맛이랄까..? 특히 소금빵은 맛없어서 놀람. 요즘 워낙 맛있는 빵집 많아서 굳이 여기거 안 사먹을 듯 접기"
4.0,2024.10.13,예약하면 줄 안서고 바로 픽업할 수 있어서 좋네요
5.0,2024.10.09,"한글날 성심당 오전에 가니 20분정도 줄서면 되었어요~ 성심당은 어느지점이던지 직원분들도 참 친절하셔서 좋아요~~^^
성심당가고싶어서 빵순이인 제가 초1딸과 7개월된 딸 아기랑 남표니데리고 무작정 ktx열차티켓 끊어서 첨으로 대전 갔는데
가는곳마다 사람들이 친절하셔서 좋은 추억 가지고 집에왔어요♡ 접기"
5.0,2024.10.08,가성비는 말할것도 없고 친절하시고 맛도있고 집 근처면 매일 오고싶다
5.0,2024.10.04,우유고로케 & 부추빵 두가지를 먹으러 다시 대전에 가고싶다
5.0,2024.10.03,"최고다!
줄 선 가치가 있다."
5.0,2024.10.01,맛도 좋고 가격도 저렴하고 성심당이 있는 대전시가 부럽다.
5.0,2024.09.29,근처 주차장 여러곳 할인권줘서 주차비 부담은 별로 없었어요. 줄은 길었지만 금방 빠져서 기다릴만했고 직원분들이 다들 친절하셔서 감사했었습니다. 빵값이 엄청 싸고 맛은 뭐 말할필요없이 맛있네요. 다들 왜 성심당 성심당하는지 알겠어요.
5.0,2024.09.25,"대한민국 빵집의 성지이자 끝판왕 성심당 본점이다.
빵의 퀄리티는 말할것도 없고 종류도 많으며 가격도 남는게 있나 싶을 정도로 싸다.
손님들의 행렬로 마치 놀이기구 타러 간 거 마냥 긴 줄이 이어지지만 들어가는 속도가 빨라 성심당 안에 들어가는데는 그리 오랜 시간이 걸리지 않는다.
나갈 때 양손 가득 빵을 한보따리씩 들고 나가지만 가격이 매우 저렴해 오히려 이득 본 거 같은 기분이 드는 곳.
빵을 사서 위층에서 식사도 된다는데 시도해 보지 않아서 모르겠다. 접기"
5.0,2024.09.25,사람은 많지만 친절하게 안내가 잘되서 좋았어요!
5.0,2024.09.25,"지나가다가.. 빵돌이는 아니지만.. 들어가서 보는 것이..
진짜 사람도 많고.. 빵도 많고.."
3.0,2024.09.14,"대전은 성심당이 관광지? 필수코스인건
20년전이나 지금이나 변함이 없는듯 
그만큼 대전에 갈 곳이 적고 
덕분에 성심당은 더 유명해진거겠지
처음간게 고딩때쯤인데 지금 더 유명해진 성심당
성심당 자식들은 빵수저라는 우스갯소리도ㅎ 접기"
4.0,2024.09.12,"주차가 곤란하다는점.주차는 성심당 문화원 이곳에가능한데
주차대수가 적음 대중교통 이용추천"
5.0,2024.09.10,"두말하면 입아픈 곳
대전 갈 일이 생기면 무조건 들렀다 가는 곳"
5.0,2024.09.06,성심당💗
4.0,2024.09.01,"성심당에서 빵을 사서 다른 곳에서 먹어 불편하지만 또다른 즐거움이 있는 카페라 좋네요.
빵은 전반적으로 조금색다른? 뭐 그런정도네요

케잌을 못봐서 아쉽~
완전 다른 건물에 있어 둘이서 움직여야 할듯요 접기"
5.0,2024.08.31,"제 최애 빵집입니다 🙂 처음에는 튀소 먹으러 갔었는데 다른 빵도 다 맛있고 저렴하고 심지어 좋은 재료를 써서 안 들릴 수가 없는 곳이이요. 대전 출신도 아닌데 성심당 때문에 대전을 격주로 가요. 모든 빵과 케이크, 심지어 빙수도 맛있습니다. 

본점 빵이 다른 곳보다 크키가 더 커서 예전에는 본점도 종종 들렸는데 유명해진 이후로는 아쉽게도 웨이팅이 너무 길어서 본점 간다면 정말 날잡고 오픈런 뛰어야 하지만 그래도 빵하면 성심당이죠.  접기"
5.0,2024.08.30,"튀소구마, 튀김 소보로 사러 대전왔는데 빵 맛있네요~~ 
맛있는 빵들 가득 사고 갑니다!!"
5.0,2024.08.26,월요일 오전도 사람 많아요!!
5.0,2024.08.26,"오래도록 가고 싶어도 못가본 성심당을 드디어 방문!!
설명이 필요치 않네요"
5.0,2024.08.17,"일요일 8시 도착해서 8시 반에 들어갔는데 나오니 줄이 두 배 되어있어서.. 기다리는 거 안좋아하시면 무조건 오픈런하셔야 합니다.

튀소 별로 안 좋아해서 다른 빵들을 골고루 사봤는데 튀김찹쌀주먹밥하고 미스터홍을 추천합니다 성심당만의 새로운 맛을 볼 수 있습니다.

그리고 손님들이 먹고 갈 수 있게 따로 별도의 건물까지 차리신 거 정말 대단하다고 생각함... 이래서 잘되나 봅니다 번창하세요ദ്ദിᐢ. .ᐢ₎  접기"
3.0,2024.09.14,"대전은 성심당이 관광지? 필수코스인건
20년전이나 지금이나 변함이 없는듯 
그만큼 대전에 갈 곳이 적고... 더보기"
4.0,2024.09.01,"성심당에서 빵을 사서 다른 곳에서 먹어 불편하지만 또다른 즐거움이 있는 카페라 좋네요.
빵... 더보기"
5.0,2024.08.17,"일요일 8시 도착해서 8시 반에 들어갔는데 나오니 줄이 두 배 되어있어서.. 기다리는 거 안좋아하시면 무조건 오픈런하셔야 합니다.

튀소 ... 더보기"
1.0,2024.08.09,"사람 진짜ㅡ많고 대기표 있었음 좋겠음.
  줄 진짜 너무 길어서 포기 주차할곳도 없음"
5.0,2024.07.30,"젊은 시절을 대전에서 보내서... 어릴 때부터 즐겨가던 빵집이에요. 전 튀김소보로와 부추빵은 좋아하지 않고, 다른 빵들은 다 좋아해요"
4.0,2024.07.30,웨이팅이 좀 길고 점원이 빵을 던지며 계산해서 기분은 나빴지만 빵은 맛있네요…..
5.0,2024.07.26,"망고시루 절망편. 그러나 맛있다. 두 번 먹음.
귤시루 희망편. 

빵추천: 성심당에 있는 빵 진짜 많이 먹었는데 특히 <미스터홍, 보문산메아리, 아몬드크루아상, 토요빵> 참 맛있게 먹었다. 샌드위치 종류는 뭘 집어도 성공적, 강력추천!

한마디: 서울의 맛있다는 빵집 많이 가 봤지만 성심당의 가성비를 이길 빵집 손에 꼽는다. 가성비가 넘사. 지나친 일반화긴 하다만 성심당으로 말할 것 같으면 맛은 서울 빵들의 1.5배, 가격은 1/3이다. 대전에 들르면 늘, 빠짐 없이 늘 들르는 곳, 성심당. 디저트적 빵도 잘하지만, 식사빵을 참 잘한다. 
 접기"
4.0,2024.07.15,"줄 디지는 거임
단. 빵은 가성비 좋거 맛남^^
본점은 주차 못한다고 생각하고 가긔"
5.0,2024.07.11,주차가능 소보로 떡케이크 잠봉뵈르 주먹밥
5.0,2024.07.11,"명실상부한 대전의 마스코트, 성심당에 다녀왔어요. 오로지 빵을 사기 위해 대전 오신다는 분들도 있는 정도로 국내에서 가장 유명한 빵집입니다. 당일 만든 빵은 당일에 모두 소진하는 원칙 하에 가격 대비 최상의 맛을 출력합니다. 인기 메뉴는 아래 참고하시면 됩니다!

튀김소보로 종류, 명란바게트, 순수롤, 보문산메아리, 오보름달, 탁순희빵, 토요빵, 카카오순정, 키다리트위스트, 잠봉뵈르, 부추빵, 고로케 등

대전에서 기원한 정체성을 유지하기 위해 프랜차이즈를 두지 않으며, 기부와 취약계층 나눔활동 등 오랜 시간 지역사회 공헌한 바는 갓나온 빵에 온기를 더합니다. 망고시루 같은 케익은 여기서 팔지 않고 성심당 케익 부띠끄로 가야 살 수 있습니다.

차로 방문하신다면 현대주차장과 우리들공원주차장을 이용하세요. 본점 근처 위치한 골목에 주차는 딱히 추천하지 않습니다. 접기"
5.0,2024.07.08,성심당은 좋은 것
5.0,2024.07.04,"성심당은 언제나 최고ㅠㅠ
탁순희빵이 제일 맛있는데 단종됐나봄.. 작년부터 안보임ㅠㅠㅠ"
4.0,2024.07.01,"사람이 많아서 웨이팅이 길고 시끄러움
음식은 맛있었다"
5.0,2024.06.30,"이 가격에 이 맛..?
대전사람들 너무 부러워요"
5.0,2024.06.29,"대전을 방문해야 하는 이유
빵이 전체적으로 많이 달자 않고 금방 물리지 않는 맛 + 말도 안되게 저렴한 가격
성심당만 방문하기 위해 대전을 또 오고 싶다"
4.0,2024.06.24,"“본점”이라는 역사적인 의미는 있지만
빵의 종류나 쾌적함이랑 거리가 멀어요
다른 지점 방문하시는게 시간도 절약하고 더 메리트가 있어요
월요일 평일에도 사람이 정말 정말 많아서 미어터져요.
전 음식을 좀 여유롭게 차분하게 보면서 쇼핑을 하고 싶은대
이 지점에선 그렇게 하기가 굉장히 어렵네요 접기"
4.0,2024.06.23,"가성비 좋은 빵집
유명한 만큼 리젠률일 좋아서 빵이 적당하게 딱 먹기 좋은 상태로 있음
하지만 안이 도떼기시장이라 난 잘 모르겟음 🥲"
5.0,2024.06.22,"10년만에 생각나서 갔는데 와우... 무개념 천지네요..
줄없다고 방송했지 양아치처럼 새치기해서 빵집어 가라고 하지 않았는데  ??? 

빵맛은 여전히 좋아요.  대신 튼튼한 다리가 필요함 접기"
5.0,2024.06.20,"청주 사는데 성심당이 뭐 별건가 
남이 사다 준 튀소 먹어봤는데
열광할 정도 아닌데 하고 살다
야구보러 간김에 첫방문!

주차부터 헬인데 방문자들 배려해서
여러 주차장을 운영중이고 매장 인근부터
직원이 주차관련 안내중

건물이 여러갠데 줄서는 것도 직원들이 안내중
사람도 많은데 어리버리한 직원이면
어영부영 제대로 관리 안될텐데
여기는 절대 새치기 못하게 철저히 관리중
심지어 직원이 웃으며 안내중 

빵사러 들어갔을때 정말 시루안 콩나물처럼
이동하면서 고르는데 정신이 너무 없었다ㅠㅠ
여유있게 고민할 시간이 없어서
대충 사고 나온게 너무 아쉬웠지만
구매한 빵은 다 너무 맛있었음

10만원 정도 예상 했는데 5만원대로 계산함
ㄸㄹㅈㄹ나 ㅍㄹㅂㄱㅌ 였으면
절대 그가격 안나왔을텐데 가격도 착하다

직원들도 다 똘똘하고 친절하고
저렴한 가격에 맛있는 빵..
왜 성심당성심당 하는지 알겠음

아쉬웠던 점은 입장하는 인원을 좀더 조절했으면 좋겠음
빵 고르는 줄 없다고
이동 자유롭게 하라고 계속 안내하지만
내 의지대로 다른 빵 앞으로 절대 이동할 수가 없다
앞사람이 가야 나도 가고 뒷사람도 갈 수 있음 ㅠㅠ

다음엔 평일에 꼭 재방문할 예정! 접기"
1.0,2024.06.17,"빵맛은 최고인지 몰라도 최악의서비스입니다. 대기자가 많아도 처응 입장할 인원을 제한을 어느정도 둬야지, 빵을 사러간거지 사람에 치여서 빵도 못집을 정도로 입장시키는건 아니지 않나요?
매장안에 어느정도 붐비는지 비슷한정도를 퍼왔는데 빵담은 쟁판 안엎어진게 다행입니다 접기"
4.0,2024.06.24,"“본점”이라는 역사적인 의미는 있지만
빵의 종류나 쾌적함이랑 거리가 멀어요
다른 지점 방문하시는게 시간도 절약하고 더 메리트가 있... 더보기"
5.0,2024.06.22,"10년만에 생각나서 갔는데 와우... 무개념 천지네요..
줄없다고 방송했지 양아치처럼 새치기해서 빵집어 가라고 하지 않았는데  ... 더보기"
5.0,2024.06.20,"청주 사는데 성심당이 뭐 별건가 
남이 사다 준 튀소 먹어봤는데
열광할 정도 ... 더보기"
1.0,2024.06.17,"빵맛은 최고인지 몰라도 최악의서비스입니다. 대기자가 많아도 처응 입장할 인원을 제한을 어느정도 둬야지, 빵을 사러간거지 사람에 치여서 빵도 못... 더보기"
5.0,2024.06.17,"리뷰처럼 빵 잔뜩 담았는데 진짜 2만원 초반대 나와서 소름 돋았어요 ㅎㅎ 
다른 빵집 같으면 이만큼에 4만원 가까이 깨질텐데 가성비 좋고 재료도 건강해보이고 맛도 👍
워낙 유명한 빵이 많지만 파이류도 추천합니다
후렌치파이 샀는데 눈에 보이는 그대로 파이결이 속까지 하나하나 다 살아있어요
월욜 점심 즈음 15분 웨이팅, 부띠끄는 5분 정도 웨이팅 했습니다
 접기"
1.0,2024.06.07,"유치원 시절 아버지를 따라 극장에서 '리쎌웨폰2'를 보고 성심당에 들러서 빵을 먹던 때부터 최애 빵집이었다. 전국의 어느 유명 케익보다도 부드럽고 맛있었다. 

외국에서 생활할 때 가장 그리웠던 것도 어머니 찌개가 아니라 성심당 케익이었다. 

하지만 최근 몇 년 성심당의 판매방식과 빵의 품질이 수직추락했다. 
배달주문을 할 때 비싸고 큰 케익은 주문이 잘 되지 않는다. 그래서 가격대비 크기가 작은 케익과 배송비를 맞추기 위한 빵들을 함께 주문해야 한다. 
케익의 크림은 입이 아릴 정도로 달아졌고.. 빵 안에 정체불명의 젤리는 신제품이나 제품개선이 아니라 품질저하라고 본다. 접기"
5.0,2024.06.05,보통은 명성에 비해 별루일때가 많은데 여긴 싸고 맛있고 그냥 행복합니다
5.0,2024.06.01,나의사랑 너의사랑 우리대전 성심당😍😘🥰
5.0,2024.06.01,빵을좋아하는사람입니다 직원도친절하고 모든빵이 다 맛있더군요굿
5.0,2024.05.28,좋아요 ''''''
5.0,2024.05.25,여유로운 오픈런을 기대하며 토요일 아침 7시 반 방문했지만.. 외부 대기줄은 없었지만 내부는 이미 북적하다. 명란바게뜨는 나올때까지 줄서있다가 삼. 몇해전 방문했을땐 이정도까진 아니었는데..
3.0,2024.05.18,"성심당 가려고 대전까지 갈만한 빵맛은 아닌거같아요
솔직히 동네에 더 맛있는 빵집 많아요
가격이 저렴하긴한데 빵이 막 특출나게 맛있다? 이건 아닌거같은데 .. 사람이 왜이렇게 많은지 이해가안가네오 접기"
5.0,2024.05.13,"빵이 맛있다아🥖 줄이 진짜 길다아...
내부가 매우 혼잡하다아... 혼돈 그자체...
결제는 줄이 따로 없다 재빠르게 가서 하자아...
저렴하다아... 빵이 맛있다아...🤍🥖🤍 접기"
4.0,2024.05.13,"좀 늦게가서 주차는 편하게 했는데.....,"
5.0,2024.05.12,본점에서는 망고시루 안 팔고 케잌부띠끄에서만 판대요! 꼭 확인 후 웨이팅 하세요 ㅜ 1시간 넘게 웨이팅했는데 전 넘 맛있게 잘 먹었습니다 👍
4.0,2024.05.04,서울에서 대전으로 처음 놀러 가보는거고 또 성심당도 태어나서 처음 가봤습니다. 튀소세트랑 반반세트 사자해서 튀소세트 상자에 담겨져 있는 걸로 사려고 했는데 상자에 튀김소보로 담으시는 여자 직원 분 바쁘고 정신 없는거 저도 이해 합니다. 근데 좀 친절하게 알려 주시면 안되는 건가요??? 저한테 퉁명스럽게 말씀 하셔서 서운 했습니다... 그래도 빵은 맛있어서 다음에도 재방문 할 예정 입니다. 접기
4.0,2024.05.04,"성심당은 성심당이지
빵도 달지않고, 진짜 맛있어요"
5.0,2024.05.01,"이게 무슨 맛인지 의아한 메뉴도 있었으나... 독특한 메뉴도 많았고 대부분 가격 대비 괜찮았던 것 같습니다. 튀소를 비롯해 빵들이 대체적으로 다양하게 단 편입니다.(팥, 설탕, 캐러멜 등...)
내부가 너무 복잡해서 정신없지만 한 번쯤은 들러볼 만해요. 줄서기 무서워 케잌부띠끄는 못들렀는데 가보고 싶네용. 접기"
5.0,2024.04.28,"먹은지 두달되어가는데 잊을수없음..
부모님도 뭔빵사러 대전가냐하시더니 먹고서는 괜찮다하시네요 존맛.."
5.0,2024.04.23,대한민국 원탑 베이커리답네요 특히 샌드위치가 전 정말 맛있었어요!! 저렴한 가격에 좋은 빵을 먹을수 있어서 일부러 대전들렸다 갑니다👍
5.0,2024.04.20,"나도 드디어 성심당 가봤다!!!! 내부가 장관이네...
빵을 썩 좋아하지 않지만 가격도 착한데
정말 맛있게 먹었다.
난 부추빵 최고였음. 접기"
4.0,2024.04.16,"대전 그 잡채 성심당. 요번에는 생크림튀소 먹어봤는데 맛있었어요. 적당히 애매한 저녁시간에 가니까 빵도 많고, 줄도 거의 없어서 나이스했습니다."
5.0,2024.04.12,맛있음 평일 오전 기준 웨이팅 1도없고 괜찮 오후에 사람 좀 많을때 가도 계산대가 6~8대나 있어서 줄이 은근 빨리 빠져요ㅎ 빵들 퀄리티랑 크기에 비해서 가격은 ㄹㅇ괜찮다고 생각했음 빵들이 전체적으루 큼직큼직함.. 튀소구마랑 오징어먹물?빵이 맛있어오 접기
5.0,2024.04.11,"가성비 좋고 맛있어요
주방이 오픈되어있어서 외부에서도 볼 수 있게 해놓은만큼 위생관리가 철저하다고 느껴지네요.

줄이 긴데 생각보다 빨리 줄어듭니다.
그리고 수요관리를 잘 하시는지 품절돼서 헛걸음하고 그런일이 없어서 아주 좋아요! 접기"
5.0,2024.04.04,"엄청엄청 맛있어서 이건 꼭 안 먹으면 죽음뿐 같은 빵은 없지만 무엇을 골라도 평균이상의 맛과 낮은 가격에 쉽게 행복을 취할 수 있음. 
갠적으로는 김치주먹밥고로케가 정말 맛있었음 
부추빵이나 튀긴소보로는 본점보다 대전역 점에서 사는게 더 편할 듯함. 성심당 지점마다 파는 빵들이 조금씩 다르니 잘 알아보고 갈 것!

아침 9시에 방문했을 때도 사람은 많았지만 휠체어가 들어올 수 있도록 옆에 붙어 배려해주시는 직원 모습을 보고 마음이 따뜻해졌음.  접기"
5.0,2024.04.02,"빵 맛있고 다 좋은데 사람 많은 건 둘째치고
결제 줄이 조금 통제 되거나 효율적으로 분리되면 좋겠어요.
손님들이 알아서 빈자리 찾아서 앞으로 오셔도 된다 새치기 아니다 라고 계속 방송해주시는데 
그게 답이 아닌게
앞으로 나아갈 수 있는 공간도 아니고 
빵 쟁반이 나무라서 사람들 움직이면 무조건 스쳐서 니트 같은 옷 재질은 다 뜯겨요. 접기"
4.0,2024.03.31,"사람 진짜 많음
빵 사고 나오는 사람들 보면 다들 행복해보임
맛은 거슬리는 거 없이 잘 하는 맛.. 뭘 골라도 망하진 않음 여러번 가봤지만 너무 맛있어서 강렬하게 기억에 남는 빵은 아직 없다 그럼에도 불구하고 가격이 정말 저렴해서 가끔 찾게 되는 대전의 대표 빵집
매번 새로운 빵을 시도하는 중임
지금까지 먹어 본 것 중에 제일 내 입에 맞았던 건 먹물방망이 그리고 튀소 첫입도 좋았음
건강빵 종류가 많아서 종종 건강빵 사러 올 거 같음
오늘 구매한 깜빠뉴는 겉딱속말랑 아주아주 기본에 충실함 특별한 맛은 아니지만 가성비가 좋다... 접기"
5.0,2024.03.03,"대전 갈때마다 꼭 갑니다. 저렴하고 맛있는건 당연하구요, 웨이팅하면서 짜증날 법도 한데 직원분들이 정말 교육을 잘받으셔서 엄청 친절하시고 항상 기분좋게 나갑니다."
5.0,2024.03.01,바쁜데도 직원분들이 다 친절하셧어요
5.0,2024.02.25,더 비싸고 맛있는 빵들 많이 먹어봤지만 빵은 빵값일 때가 제일 맛있는 것 같습니다. 이 가격에 이 맛이라고..?를 외치면서 가심비 좋게 먹었어요. 만족스러워서 다음에도 빵 사러 대전까지 가고 싶네요!
1.0,2024.02.24,"주말에 웨이팅 엄청 길고, 매장 입장하면 완전 돗데기. 앞사람 등 밖에 안보이고, 심지어 움직이기도 힘듬. 매장을 확장하던지ㅎ 유명하다해서 가봤는데 한 번 가본 걸로 족함."
4.0,2024.02.15,빵은 맛있나 위에 테라스 키친은 기대이하
5.0,2024.02.14,"맛이너무좋아요
KBS2 생생정보통1887회 방송에나왔습니다"
5.0,2024.01.25,빵 천국
5.0,2024.01.23,성심당 최고입니다 추천합니다
5.0,2024.01.22,빵 한트레이에 가득 담았는데 2만원도 안 나왔어요 놀랠노자..... 맛은 어찌나 맛있는지 그 많은 빵들 이틀만에 혼자 순삭했습니다 빵 사러 또 가고싶습니다
5.0,2024.01.14,가성비가 미쳤네요...
5.0,2024.01.10,"본점이랑 케잌부티끄 그리고 문화원까지 성심당 동네같아 좋았고, 
빵들 케이크 특히 딸기시루 완전 짱이고 샌드위치들까지 찐으로 맛있는 곳입니다"
5.0,2024.01.06,빵만 열개 넘게 샀는데 3만원대였음. 일단 가성비에서 대단히 만족스러움. 빵도 먹음직스럽고 맛도 훌륭! 단점은 줄서는 시스템이 없어서 안에 들어가면 너무 무질서함. 계산대도 좀 더 체계적이었으면 좋겠음. 계산하는 줄도 특별히 없음.
2.0,2024.01.03,"왜 유명한지 잘 모르겠어요
전 튀김소보루랑 부추빵은 맛없어서 반은 버렸는데...
제 입맛하고는 안맞았나봐요
요거트롤케잌도 맛없고...
신랑이 초코 롤케잌은 맛있다네요
크림롤케잌도 결국 곰팡이 펴서 버렸네요ㅜㅜ 접기"
5.0,2023.12.27,"빵 나오면 우루루 집어가는 모습이 재미있었어요 ㅋㅋㅋ
맛도 가격도 좋아요 가게앞도 이뻐요!!"
5.0,2023.12.24,명실상부 최고 빵집
5.0,2023.12.14,한 도시의 상징이 빵집이 된 이유
2.0,2024.01.03,"왜 유명한지 잘 모르겠어요
전 튀김소보루랑 부추빵은 맛없어서 반은 버렸는데...
제 입맛하고는... 더보기"
5.0,2023.12.12,"긴 줄, 협소한 내부, 정신없는 분위기. 하지만 이 모든 것이 용인되는.. 그야말로 정점"
5.0,2023.12.07,"명란 바게뜨... 널 사랑해
소금빵... 너무 촉촉해"
5.0,2023.12.05,"줄이 길지만 회전율이 높아서 금방 들어가요. 방금 나온 빵들이 한가득..
주차 가능해요."
5.0,2023.11.30,"정말 대전사람이고싶다.....
사랑해요 성심당❤️"
5.0,2023.11.29,성심당 본점과 베이커리식당 처음 가보았는데 유명한 이유를 알게되었네요 가성비가 아니라 가심비도 좋은 곳~*
2.0,2023.11.21,영수증 꼭 잘 확인하세요. 집에 와서 영수증 확인해서 보니 직원들이 너무 바뻐서 그런지 뱅오쇼콜라를 초코폭탄으로 잘못찍어서 계산해놨네요. 두 빵의 가격차이가 많이 나서 여러개 샀으면 아주아주 난감할뻔 했네요.
5.0,2023.11.14,"주말이라 사람이 많을 것이라 생각했지만,
많아도 너무 많아서 놀랐답니다!
3-40분 정도는 밖에서 기다린듯하네요!

빵 만드는 곳이 통유리라 밖에서도 훤히 보여서
믿고 먹을 수 있다는 신뢰를 준답니다!

안으로 들어가면 순서대로 빵을 구매하는 것이 아니라
자율적으로 먹고싶은 빵을 고르고 결제할 수 있는데요.

장점은 먹고 싶은 빵을 먼저 고를 수 있고,
재고가 부족하면 리필도 거의 바로바로 되기 때문에
회전율이 좋아서 사람들이 금방 사고 나가요!
단점은 사람이 너무 많이 한 번에 들어와 있어서
구매하는 것과 결제하는 것도 어려워요!

손님을 조금만 적게 들여보네주면 더욱 좋을 듯합니다!

주차는 골목에 빈 곳에 하거나, 우리들공원주차장, 성심당 전용 주차장, 현대주차장이 있으니 방문 시 참고하세요! 접기"
